frame;timestamp
1;1758638060.4746182
2;1758638060.4844697
3;1758638060.5066972
4;1758638060.615987
5;1758638060.7365983
6;1758638060.838568
7;1758638060.9483187
8;1758638061.0591824
9;1758638061.1661334
10;1758638061.27487
11;1758638061.3845322
12;1758638061.494965
13;1758638061.6086037
14;1758638061.7187839
15;1758638061.8443787
16;1758638061.9445293
17;1758638062.0537488
18;1758638062.1637871
19;1758638062.265863
20;1758638062.380372
21;1758638062.4905055
22;1758638062.6003299
23;1758638062.713078
24;1758638062.8385959
25;1758638062.9413652
26;1758638063.0505853
27;1758638063.1606884
28;1758638063.2709942
29;1758638063.3820224
30;1758638063.4912183
31;1758638063.5999258
32;1758638063.7094438
33;1758638063.8365464
34;1758638063.943676
35;1758638064.052788
36;1758638064.166139
37;1758638064.2764037
38;1758638064.3896317
39;1758638064.4976015
40;1758638064.610307
41;1758638064.7191415
42;1758638064.8299298
43;1758638064.9432876
44;1758638065.055983
45;1758638065.1617947
46;1758638065.2724478
47;1758638065.3813453
48;1758638065.4905255
49;1758638065.5945904
50;1758638065.7089067
51;1758638065.827614
52;1758638065.9261272
53;1758638066.0371413
54;1758638066.1485302
55;1758638066.256951
56;1758638066.367089
57;1758638066.4757824
58;1758638066.5852926
59;1758638066.6968164
60;1758638066.8064058
61;1758638066.9183798
62;1758638067.0282686
63;1758638067.1359324
64;1758638067.2475085
65;1758638067.3599315
66;1758638067.4647837
67;1758638067.5751328
68;1758638067.7044644
69;1758638067.7975523
70;1758638067.904961
71;1758638068.0163524
72;1758638068.1173413
73;1758638068.2291768
74;1758638068.3517642
75;1758638068.4683995
76;1758638068.5723033
77;1758638068.6815345
78;1758638068.794373
79;1758638068.9039397
80;1758638069.0122814
81;1758638069.1229448
82;1758638069.2318163
83;1758638069.3411336
84;1758638069.4518747
85;1758638069.56254
86;1758638069.677674
87;1758638069.7894726
88;1758638069.9048958
89;1758638070.0123081
90;1758638070.122481
91;1758638070.2308214
92;1758638070.3406918
93;1758638070.4519074
94;1758638070.5609496
95;1758638070.6709461
96;1758638070.7802851
97;1758638072.4443152
98;1758638072.454468
99;1758638072.5152893
100;1758638072.6524458
101;1758638072.7610488
102;1758638072.8666718
103;1758638072.9804196
104;1758638073.104124
105;1758638073.24048
106;1758638073.3482137
107;1758638073.4620097
108;1758638073.5747917
109;1758638073.6846614
110;1758638073.7990239
111;1758638073.9159744
112;1758638074.026529
113;1758638074.135893
114;1758638074.2832215
115;1758638074.4091833
116;1758638074.529671
117;1758638074.6314142
118;1758638074.7481654
119;1758638074.85544
120;1758638074.964107
121;1758638075.0727916
122;1758638075.1855178
123;1758638075.2969983
124;1758638075.4079158
125;1758638075.5122476
126;1758638075.6210015
127;1758638075.7359076
128;1758638075.845441
129;1758638075.9451368
130;1758638076.3335452
131;1758638076.3877115
132;1758638076.5015628
133;1758638076.613582
134;1758638076.7226875
135;1758638076.8400438
136;1758638076.9493854
137;1758638077.0614817
138;1758638077.1712708
139;1758638077.27898
140;1758638077.3875427
141;1758638077.4983687
142;1758638077.607799
143;1758638077.7230036
144;1758638077.830166
145;1758638077.9433382
146;1758638078.1327324
147;1758638078.1678674
148;1758638078.3014305
149;1758638078.3936617
150;1758638078.5030377
151;1758638078.6156142
152;1758638078.7358928
153;1758638078.8481677
154;1758638078.9598763
155;1758638079.0690107
156;1758638079.181463
157;1758638079.289942
158;1758638079.4026864
159;1758638079.510819
160;1758638079.6217072
161;1758638079.7322075
162;1758638079.840414
163;1758638079.9503217
164;1758638080.0615757
165;1758638080.170731
166;1758638080.2798498
167;1758638080.3971555
168;1758638080.5123234
169;1758638080.632733
170;1758638080.7374082
171;1758638080.8485558
172;1758638081.0018246
173;1758638081.0799742
174;1758638081.1857147
175;1758638081.3000236
176;1758638081.4051178
177;1758638081.5206327
178;1758638081.6272829
179;1758638081.7368937
180;1758638081.8477895
181;1758638081.9575481
182;1758638082.0660224
183;1758638082.2716448
184;1758638082.2759318
185;1758638082.3973129
186;1758638082.5087147
187;1758638082.6310358
188;1758638082.7360015
189;1758638082.844849
190;1758638082.9617133
191;1758638083.0651615
192;1758638083.1769674
193;1758638083.28646
194;1758638083.394891
195;1758638083.5042524
196;1758638083.6128194
197;1758638083.723284
198;1758638083.8323529
199;1758638083.9769359
200;1758638084.0534976
201;1758638084.1602411
202;1758638084.2687488
203;1758638084.3793411
204;1758638084.4885647
205;1758638084.6045616
206;1758638084.7130957
207;1758638084.822261
208;1758638084.9327364
209;1758638085.0472841
210;1758638085.1696632
211;1758638085.2849429
212;1758638085.3872335
213;1758638085.50812
214;1758638085.6161122
215;1758638085.7337482
216;1758638085.878568
217;1758638086.7032251
218;1758638086.7124963
219;1758638086.742282
220;1758638086.8688962
221;1758638086.9740734
222;1758638087.087247
223;1758638087.1960351
224;1758638087.304418
225;1758638087.4155188
226;1758638087.5248647
227;1758638087.639485
228;1758638087.7522864
229;1758638087.8615305
230;1758638087.9710793
231;1758638088.0815682
232;1758638088.1900988
233;1758638088.2992277
234;1758638088.4008172
235;1758638088.5165927
236;1758638088.6230483
237;1758638088.732634
238;1758638088.8429117
239;1758638088.9511461
240;1758638089.0596004
241;1758638089.1707065
242;1758638089.281495
243;1758638089.3906174
244;1758638089.4993286
245;1758638089.6086066
246;1758638089.7164276
247;1758638089.825974
248;1758638089.9381497
249;1758638090.049387
250;1758638090.1688943
251;1758638090.2967827
252;1758638090.413862
253;1758638090.5244813
254;1758638090.6358135
255;1758638090.7499182
256;1758638090.8533778
257;1758638090.9925117
258;1758638091.0853302
259;1758638091.1919777
260;1758638091.324203
261;1758638091.4227169
262;1758638091.538537
263;1758638091.6477182
264;1758638091.7614052
265;1758638091.869888
266;1758638091.9828806
267;1758638092.0936208
268;1758638092.23137
269;1758638092.314739
270;1758638092.428024
271;1758638092.5407581
272;1758638092.646549
273;1758638092.7567217
274;1758638092.8725758
275;1758638092.9818373
276;1758638093.089066
277;1758638093.2021728
278;1758638093.3085074
279;1758638093.4182007
280;1758638093.5272985
281;1758638093.6383584
282;1758638093.7463846
283;1758638093.8575854
284;1758638093.964341
285;1758638094.0734184
286;1758638094.1769433
287;1758638094.2835681
288;1758638094.400241
289;1758638094.5243213
290;1758638094.6367347
291;1758638094.7528894
292;1758638094.865053
293;1758638094.9798481
294;1758638095.0875711
295;1758638095.1944335
296;1758638095.3029952
297;1758638095.4153187
298;1758638095.524513
299;1758638095.6347146
300;1758638095.7454665
301;1758638095.8613217
302;1758638095.994272
303;1758638096.1008935
304;1758638096.2135878
305;1758638096.324693
306;1758638096.4562237
307;1758638096.559837
308;1758638096.6702313
309;1758638096.7765346
310;1758638096.887489
311;1758638096.9968746
312;1758638097.107698
313;1758638097.217688
314;1758638097.3566265
315;1758638097.4351358
316;1758638097.5456476
317;1758638097.6516688
318;1758638097.7670019
319;1758638097.8774908
320;1758638098.0265849
321;1758638098.156055
322;1758638098.2460306
323;1758638098.3607068
324;1758638098.4662015
325;1758638098.5898685
326;1758638098.694282
327;1758638098.8078716
328;1758638098.9343755
329;1758638099.0446572
330;1758638099.1463413
331;1758638099.255804
332;1758638099.3696673
333;1758638099.4763176
334;1758638099.5860326
335;1758638099.6946428
336;1758638099.803793
337;1758638099.9164543
338;1758638100.5051658
339;1758638100.5144012
340;1758638100.5758586
341;1758638100.703991
342;1758638100.8118145
343;1758638100.9237442
344;1758638101.055457
345;1758638101.1429746
346;1758638101.2513802
347;1758638101.36101
348;1758638101.4737897
349;1758638101.5811858
350;1758638101.6910157
351;1758638101.8029115
352;1758638101.9116802
353;1758638102.0214987
354;1758638102.1299767
355;1758638102.23969
356;1758638102.3490705
357;1758638102.4565394
358;1758638102.566048
359;1758638102.678997
360;1758638102.7849705
361;1758638102.894415
362;1758638103.0030363
363;1758638103.1156898
364;1758638103.222635
365;1758638103.3325973
366;1758638103.4458456
367;1758638103.5553153
368;1758638103.6651092
369;1758638103.7760425
370;1758638103.88479
371;1758638103.9967256
372;1758638104.105032
373;1758638104.2051413
374;1758638104.3208177
375;1758638104.431392
376;1758638104.539888
377;1758638104.6481543
378;1758638104.7577467
379;1758638104.8681872
380;1758638104.9760273
381;1758638105.0854068
382;1758638105.1964972
383;1758638105.3055387
384;1758638105.4145672
385;1758638105.5470777
386;1758638105.637015
387;1758638105.745516
388;1758638105.8548234
389;1758638105.9634242
390;1758638106.0912924
391;1758638106.1969411
392;1758638106.3037972
393;1758638106.425111
394;1758638106.5320528
395;1758638106.6408753
396;1758638106.7494533
397;1758638106.8579812
398;1758638106.9683456
399;1758638107.0798519
400;1758638107.191243
401;1758638107.2929454
402;1758638107.405809
403;1758638107.5156677
404;1758638107.6308458
405;1758638107.756805
406;1758638107.873013
407;1758638107.9886034
408;1758638108.097163
409;1758638108.2063017
410;1758638108.318942
411;1758638108.428252
412;1758638108.5528255
413;1758638108.6659527
414;1758638108.7775743
415;1758638108.889871
416;1758638109.0028198
417;1758638109.1111805
418;1758638109.2291236
419;1758638109.336951
420;1758638109.4516072
421;1758638109.5571566
422;1758638109.6646206
423;1758638109.775496
424;1758638109.8832362
425;1758638109.9932783
426;1758638110.1025333
427;1758638110.21969
428;1758638110.3312323
429;1758638110.440446
430;1758638110.5515323
431;1758638110.6621368
432;1758638110.7700312
433;1758638110.8801565
434;1758638110.9887474
435;1758638111.1003714
436;1758638111.2030113
437;1758638111.3343801
438;1758638111.4216917
439;1758638111.5312798
440;1758638111.639332
441;1758638111.7487733
442;1758638111.859821
443;1758638111.9771686
444;1758638112.084801
445;1758638112.1955523
446;1758638112.3041723
447;1758638112.4134738
448;1758638112.5267763
449;1758638112.6379218
450;1758638112.746666
451;1758638112.858716
452;1758638112.9662464
453;1758638113.0761163
454;1758638113.186275
455;1758638113.2935212
456;1758638113.4024904
457;1758638113.511316
458;1758638113.6261678
459;1758638113.7373064
460;1758638113.8492641
461;1758638113.9548273
462;1758638114.0647957
463;1758638114.1737368
464;1758638114.2841887
465;1758638114.3927295
466;1758638114.501441
467;1758638114.6106641
468;1758638114.7201474
469;1758638114.8294325
470;1758638114.943809
471;1758638115.0511074
472;1758638115.1592934
473;1758638115.2712054
474;1758638115.3802261
475;1758638115.4915133
476;1758638115.6025152
477;1758638115.7117567
478;1758638115.820191
479;1758638115.928233
480;1758638116.0377908
481;1758638116.148156
482;1758638116.2560606
483;1758638116.3662057
484;1758638116.4758255
485;1758638116.5875783
486;1758638116.6963353
487;1758638116.8058445
488;1758638116.9146607
489;1758638117.024298
490;1758638117.1335776
491;1758638117.2416077
492;1758638117.350641
493;1758638117.459781
494;1758638117.5712562
495;1758638117.6829736
496;1758638117.788602
497;1758638117.8988357
498;1758638118.007053
499;1758638118.1187336
500;1758638118.2567644
501;1758638118.3382893
502;1758638118.4400444
503;1758638118.5564458
504;1758638118.6634212
505;1758638118.777092
506;1758638118.8945427
507;1758638118.9976504
508;1758638119.1063225
509;1758638119.2162035
510;1758638119.3294308
511;1758638119.4385297
512;1758638119.5480201
513;1758638119.6580145
514;1758638119.7690587
515;1758638119.8781812
516;1758638119.9868686
517;1758638120.0952132
518;1758638120.207087
519;1758638120.3130605
520;1758638120.423382
521;1758638120.5356553
522;1758638120.6421459
523;1758638120.752049
524;1758638120.8593972
525;1758638120.9740582
526;1758638121.0821943
527;1758638122.21849
528;1758638122.2268665
529;1758638122.291955
530;1758638122.3991191
531;1758638122.5095425
532;1758638122.6197007
533;1758638122.7232587
534;1758638122.8281028
535;1758638122.9326465
536;1758638123.0405898
537;1758638123.155018
538;1758638123.2637968
539;1758638123.3723938
540;1758638123.4855132
541;1758638123.593313
542;1758638123.7028186
543;1758638123.8115885
544;1758638123.9243643
545;1758638124.0336986
546;1758638124.1427853
547;1758638124.2526221
548;1758638124.3892903
549;1758638124.4733658
550;1758638124.5799963
551;1758638124.6895366
552;1758638124.7964962
553;1758638124.9064705
554;1758638125.0243447
555;1758638125.1390371
556;1758638125.2489843
557;1758638125.3506827
558;1758638125.4642148
559;1758638125.5735033
560;1758638125.6834204
561;1758638125.7905312
562;1758638125.9004703
563;1758638126.0098243
564;1758638126.1195734
565;1758638126.2388175
566;1758638126.338288
567;1758638126.4469914
568;1758638126.5590866
569;1758638126.6661747
570;1758638126.7764482
571;1758638126.8862193
572;1758638126.99643
573;1758638127.1073582
574;1758638127.2169113
575;1758638127.3251183
576;1758638127.4333742
577;1758638127.5429378
578;1758638127.6522574
579;1758638127.762083
580;1758638127.8713722
581;1758638127.980257
582;1758638128.0895412
583;1758638128.1977408
584;1758638128.30914
585;1758638128.4171588
586;1758638128.527082
587;1758638128.6281688
588;1758638128.7336063
589;1758638128.8385758
590;1758638128.9528582
591;1758638129.0620263
592;1758638129.1711378
593;1758638129.2817667
594;1758638129.3899806
595;1758638129.5004086
596;1758638129.6078813
597;1758638129.7173371
598;1758638129.827045
599;1758638129.9347618
600;1758638130.0442417
601;1758638130.153734
602;1758638130.263427
603;1758638130.3717184
604;1758638130.4805994
605;1758638130.5895936
606;1758638130.6995945
607;1758638130.8080528
608;1758638130.9169111
609;1758638131.0263486
610;1758638131.1360717
611;1758638131.2618263
612;1758638131.3567135
613;1758638131.4864798
614;1758638131.5743217
615;1758638131.6832583
616;1758638131.7888472
617;1758638131.8973858
618;1758638132.0038188
619;1758638132.121431
620;1758638132.2222612
621;1758638132.3342457
622;1758638132.4435897
623;1758638132.5525904
624;1758638132.662551
625;1758638132.772899
626;1758638132.8809748
627;1758638132.9899907
628;1758638133.1003587
629;1758638133.2100754
630;1758638133.3186138
631;1758638133.4332578
632;1758638133.541129
633;1758638133.6493738
634;1758638133.760322
635;1758638133.8699024
636;1758638133.9791913
637;1758638134.0863364
638;1758638134.1955266
639;1758638134.305555
640;1758638134.413981
641;1758638134.5249968
642;1758638134.6325696
643;1758638134.7410724
644;1758638134.8501766
645;1758638134.9600837
646;1758638135.0683885
647;1758638135.1784291
648;1758638135.286923
649;1758638135.396946
650;1758638135.5160806
651;1758638135.6129556
652;1758638135.743139
653;1758638135.8675463
654;1758638135.9620163
655;1758638136.070966
656;1758638136.179769
657;1758638136.2883775
658;1758638136.3985915
659;1758638136.5202518
660;1758638136.638466
661;1758638136.7387867
662;1758638136.8486626
663;1758638136.9582927
664;1758638137.0705159
665;1758638137.1847382
666;1758638137.2951114
667;1758638137.404659
668;1758638137.515031
669;1758638137.6241922
670;1758638137.7331688
671;1758638137.8442106
672;1758638137.9540203
673;1758638138.0658975
674;1758638138.17456
675;1758638138.28352
676;1758638138.388869
677;1758638138.4975207
678;1758638138.6040623
679;1758638138.7129385
680;1758638138.8200884
681;1758638138.9306335
682;1758638139.0359683
683;1758638139.1432726
684;1758638139.2505093
685;1758638139.3601532
686;1758638139.4679573
687;1758638139.5817583
688;1758638139.6901069
689;1758638139.8014822
690;1758638139.9108567
691;1758638140.0208004
692;1758638140.1322267
693;1758638140.2436209
694;1758638140.352069
695;1758638140.46462
696;1758638140.5761383
697;1758638140.6859372
698;1758638140.810651
699;1758638140.9030647
700;1758638141.014406
701;1758638141.1281123
702;1758638141.2341511
703;1758638141.3422067
704;1758638141.452701
705;1758638141.563618
706;1758638141.6737723
707;1758638141.7798052
708;1758638141.888188
709;1758638141.998629
710;1758638142.1190271
711;1758638142.2177258
712;1758638142.3265116
713;1758638142.4624639
714;1758638142.5464694
715;1758638142.659887
716;1758638142.7637928
717;1758638142.8742783
718;1758638142.9862971
719;1758638143.0983465
720;1758638143.2061312
721;1758638143.3150983
722;1758638143.4242222
723;1758638143.5333502
724;1758638143.646857
725;1758638143.7567334
726;1758638143.8700428
727;1758638143.97542
728;1758638144.0854826
729;1758638144.1983004
730;1758638144.3029258
731;1758638144.4161506
732;1758638144.524061
733;1758638144.6363046
734;1758638144.741902
735;1758638144.8540578
736;1758638144.964409
737;1758638145.0731368
738;1758638145.1840065
739;1758638145.290879
740;1758638145.4021466
741;1758638145.5125568
742;1758638145.6240158
743;1758638145.7367373
744;1758638146.3559773
745;1758638146.36532
746;1758638146.3923638
747;1758638146.5005758
748;1758638146.6102347
749;1758638146.719477
750;1758638146.827457
751;1758638146.9358456
752;1758638147.0467412
753;1758638147.1584573
754;1758638147.267127
755;1758638147.3748426
756;1758638147.4838202
757;1758638147.594083
758;1758638147.7033927
759;1758638147.8128047
760;1758638147.9183044
761;1758638148.0247917
762;1758638148.1335354
763;1758638148.2409284
764;1758638148.347589
765;1758638148.4587092
766;1758638148.5633428
767;1758638148.6813233
768;1758638148.7895167
769;1758638148.8980532
770;1758638149.0440905
771;1758638149.1202927
772;1758638149.227397
773;1758638149.3354828
774;1758638149.4447093
775;1758638149.5551426
776;1758638149.672232
777;1758638149.778174
778;1758638149.8873997
779;1758638149.995435
780;1758638150.1054537
781;1758638150.2138388
782;1758638150.3224359
783;1758638150.4343305
784;1758638150.5395656
785;1758638150.6493847
786;1758638150.7594538
787;1758638151.2964644
788;1758638151.3046167
789;1758638151.3129628
790;1758638151.4168136
791;1758638151.526046
792;1758638151.6402876
793;1758638151.7437496
794;1758638151.844827
795;1758638151.960276
796;1758638152.067117
797;1758638152.1770341
798;1758638152.2909226
799;1758638152.3998897
800;1758638152.511384
801;1758638152.6213932
802;1758638152.7303908
803;1758638152.8423307
804;1758638152.9507148
805;1758638153.0588
806;1758638153.1687095
807;1758638153.2784219
808;1758638153.3868678
809;1758638153.4973605
810;1758638153.6108782
811;1758638153.7206771
812;1758638153.8303142
813;1758638153.9396057
814;1758638154.049844
815;1758638154.1586957
816;1758638154.2686193
817;1758638154.3767636
818;1758638154.4850206
819;1758638154.5955477
820;1758638154.704118
821;1758638154.815827
822;1758638154.9242213
823;1758638155.0319986
824;1758638155.1378188
825;1758638155.2467327
826;1758638155.3543527
827;1758638155.4641082
828;1758638155.592591
829;1758638155.6819353
830;1758638155.790873
831;1758638155.9004529
832;1758638156.4253716
833;1758638156.4552305
834;1758638156.572553
835;1758638156.6795588
836;1758638156.801677
837;1758638156.9105356
838;1758638157.0198133
839;1758638157.1295211
840;1758638157.2408693
841;1758638157.349409
842;1758638157.459309
843;1758638157.5705333
844;1758638157.6790617
845;1758638157.7880268
846;1758638157.8983753
847;1758638158.014888
848;1758638158.1234295
849;1758638158.2317765
850;1758638158.3407173
851;1758638158.4517605
852;1758638158.5632477
853;1758638158.666668
854;1758638158.776028
855;1758638158.8875012
856;1758638159.0004528
857;1758638159.108901
858;1758638159.2186074
859;1758638159.3276618
860;1758638159.43736
861;1758638159.5507436
862;1758638159.6597366
863;1758638159.7677424
864;1758638159.8761208
865;1758638159.9863544
866;1758638160.0955215
867;1758638160.2039826
868;1758638160.3122392
869;1758638160.4223769
870;1758638160.5308807
871;1758638160.640718
872;1758638160.7492728
873;1758638160.8614807
874;1758638161.9711826
875;1758638161.9803207
876;1758638161.9966195
877;1758638162.0885584
878;1758638162.2031012
879;1758638162.3122158
880;1758638162.4186063
881;1758638162.531338
882;1758638162.643611
883;1758638162.7586126
884;1758638162.868681
885;1758638162.9808488
886;1758638163.0887418
887;1758638163.2044795
888;1758638163.3104541
889;1758638163.4190757
890;1758638163.5299432
891;1758638163.6403022
892;1758638163.747286
893;1758638163.8578243
894;1758638163.9704893
895;1758638164.079208
896;1758638164.1901033
897;1758638164.2995236
898;1758638164.411923
899;1758638164.5195212
900;1758638164.6275587
901;1758638164.7383375
902;1758638164.8481388
903;1758638164.9586186
904;1758638165.0666718
905;1758638165.1777208
906;1758638165.2863219
907;1758638165.3867307
908;1758638165.4994457
909;1758638165.6105702
910;1758638165.7192352
911;1758638165.8282185
912;1758638165.9368408
913;1758638166.0635126
914;1758638166.155571
915;1758638166.2672775
916;1758638166.3720467
917;1758638166.4823818
918;1758638166.5918162
919;1758638166.7004826
920;1758638166.8102553
921;1758638166.9194171
922;1758638167.0286162
923;1758638167.1378844
924;1758638167.2508829
925;1758638167.3597703
926;1758638167.46755
927;1758638167.577776
928;1758638167.717524
929;1758638167.7953153
930;1758638167.9047291
931;1758638168.013061
932;1758638168.1218987
933;1758638168.232691
934;1758638168.3487206
935;1758638168.4547293
936;1758638168.5638485
937;1758638168.6743782
938;1758638168.7821925
939;1758638168.894145
940;1758638169.0025828
941;1758638169.1113153
942;1758638169.2202659
943;1758638169.333345
944;1758638169.4428794
945;1758638169.551733
946;1758638169.6618402
947;1758638169.7717664
948;1758638169.8813937
949;1758638169.9897995
950;1758638170.1005847
951;1758638170.2088835
952;1758638170.3187113
953;1758638170.4272797
954;1758638170.5398417
955;1758638170.6465874
956;1758638170.7477899
957;1758638170.8524055
958;1758638170.9589598
959;1758638172.219869
960;1758638172.2253993
961;1758638172.229561
962;1758638172.3472211
963;1758638172.4571235
964;1758638172.5655367
965;1758638172.6739852
966;1758638172.7827907
967;1758638172.8972514
968;1758638173.0032127
969;1758638173.1122851
970;1758638173.2204318
971;1758638173.3487942
972;1758638173.4405959
973;1758638173.5507019
974;1758638173.6595645
975;1758638173.769092
976;1758638173.877395
977;1758638174.0000715
978;1758638174.1026533
979;1758638174.2118824
980;1758638174.320581
981;1758638174.430493
982;1758638174.542054
983;1758638174.6515002
984;1758638174.7579148
985;1758638174.8672655
986;1758638174.975931
987;1758638175.0774121
988;1758638175.1823828
989;1758638175.2887058
990;1758638175.4031386
991;1758638175.514302
992;1758638175.6208162
993;1758638175.7306035
994;1758638175.8443966
995;1758638175.954692
996;1758638176.0647786
997;1758638176.1763053
998;1758638176.2868462
999;1758638176.397904
1000;1758638176.5043938
1001;1758638176.61563
1002;1758638176.7229643
1003;1758638176.835835
1004;1758638176.9417694
1005;1758638177.0515692
1006;1758638177.1598482
1007;1758638177.2694473
1008;1758638177.378902
1009;1758638177.4879882
1010;1758638177.5994585
1011;1758638177.7070525
1012;1758638177.8161094
1013;1758638177.9241056
1014;1758638178.0365403
1015;1758638178.1459272
1016;1758638178.2536235
1017;1758638178.3631144
1018;1758638178.4725537
1019;1758638178.5800722
1020;1758638178.688905
1021;1758638178.795673
1022;1758638178.9021754
1023;1758638179.0105963
1024;1758638179.1166458
1025;1758638179.224945
1026;1758638179.3628242
1027;1758638179.43827
1028;1758638179.5481112
1029;1758638179.6554217
1030;1758638179.76467
1031;1758638179.8697908
1032;1758638179.985489
1033;1758638180.0971622
1034;1758638180.2074702
1035;1758638180.3200624
1036;1758638180.4282372
1037;1758638180.5429566
1038;1758638180.6542835
1039;1758638180.762151
1040;1758638180.8712287
1041;1758638180.9822397
1042;1758638181.1040452
1043;1758638181.201941
1044;1758638181.3112833
1045;1758638181.421412
1046;1758638181.5283144
1047;1758638181.6401057
1048;1758638181.7473457
1049;1758638181.8558805
1050;1758638181.964835
1051;1758638182.073942
1052;1758638182.1825633
1053;1758638182.291975
1054;1758638182.402854
1055;1758638182.5115147
1056;1758638182.6227355
1057;1758638182.7320979
1058;1758638182.8443894
1059;1758638182.951153
1060;1758638183.0594528
1061;1758638183.1702797
1062;1758638183.278491
1063;1758638183.3825786
1064;1758638183.4980493
1065;1758638183.6061354
1066;1758638183.743571
1067;1758638183.8267667
1068;1758638183.9330816
1069;1758638184.042583
1070;1758638184.151879
1071;1758638184.2595856
1072;1758638184.374311
1073;1758638184.4820392
1074;1758638184.5926783
1075;1758638184.69935
1076;1758638184.809175
1077;1758638184.918419
1078;1758638185.0273898
1079;1758638185.1361494
1080;1758638185.2485526
1081;1758638185.3548298
1082;1758638185.464981
1083;1758638185.5750046
1084;1758638185.6827705
1085;1758638185.7927415
1086;1758638185.9043021
1087;1758638186.0151508
1088;1758638187.2789524
1089;1758638187.2864702
1090;1758638187.309842
1091;1758638187.4162076
1092;1758638187.5234604
1093;1758638187.6334772
1094;1758638187.7418308
1095;1758638187.849109
1096;1758638187.955876
1097;1758638188.0616267
1098;1758638188.178596
1099;1758638188.2787564
1100;1758638188.3871064
1101;1758638188.5004487
1102;1758638188.6104188
1103;1758638188.7283435
1104;1758638188.8361368
1105;1758638188.9489613
1106;1758638189.0574481
1107;1758638189.1678455
1108;1758638189.278655
1109;1758638189.394193
1110;1758638189.5021138
1111;1758638189.616723
1112;1758638189.7347915
1113;1758638189.8790994
1114;1758638189.9637325
1115;1758638190.0690434
1116;1758638190.18026
1117;1758638190.2915862
1118;1758638190.41148
1119;1758638190.5246105
1120;1758638190.6309392
1121;1758638190.7491295
1122;1758638190.8590598
1123;1758638190.9708314
1124;1758638191.0831099
1125;1758638191.1967509
1126;1758638191.3071823
1127;1758638191.4178033
1128;1758638191.5283759
1129;1758638191.652976
1130;1758638191.754454
1131;1758638191.8642895
1132;1758638191.9765463
1133;1758638192.092538
1134;1758638192.2020357
1135;1758638192.3149433
1136;1758638192.4239757
1137;1758638192.5387366
1138;1758638192.6441214
1139;1758638192.7546606
1140;1758638192.862115
1141;1758638192.9721553
1142;1758638193.0795414
1143;1758638193.1944056
1144;1758638193.3015156
1145;1758638193.4108891
1146;1758638193.520254
1147;1758638193.6294973
1148;1758638193.739802
1149;1758638193.8515117
1150;1758638193.9560294
1151;1758638194.066089
1152;1758638194.175175
1153;1758638194.284575
1154;1758638194.4000313
1155;1758638194.5103147
1156;1758638194.6214585
1157;1758638194.7330215
1158;1758638194.840161
1159;1758638194.9635634
1160;1758638195.0712385
1161;1758638195.1828709
1162;1758638195.294719
1163;1758638195.4145994
1164;1758638195.5782535
1165;1758638195.7148762
1166;1758638195.8343108
1167;1758638195.943518
1168;1758638196.0750854
1169;1758638196.2752702
1170;1758638196.349082
1171;1758638196.4562085
1172;1758638196.5643232
1173;1758638196.6729007
1174;1758638196.7832162
1175;1758638196.8925471
1176;1758638197.0004313
1177;1758638197.1133168
1178;1758638197.219168
1179;1758638197.3283658
1180;1758638197.4406857
1181;1758638197.5488446
1182;1758638197.658601
1183;1758638197.7684171
1184;1758638197.878372
1185;1758638197.9868371
1186;1758638198.0960991
1187;1758638198.204926
1188;1758638198.3152807
1189;1758638198.4230006
1190;1758638198.5323076
1191;1758638198.642835
1192;1758638198.75202
1193;1758638198.8619778
1194;1758638198.9694932
1195;1758638199.080267
1196;1758638199.187162
1197;1758638199.2915747
1198;1758638199.399654
1199;1758638199.5103164
1200;1758638199.6166658
1201;1758638199.724572
1202;1758638199.8327525
1203;1758638199.9418283
1204;1758638200.0480936
1205;1758638200.1554945
1206;1758638200.2634447
1207;1758638200.3722625
1208;1758638200.479218
1209;1758638200.5863914
1210;1758638200.697794
1211;1758638200.803579
1212;1758638200.9139502
1213;1758638201.0220838
1214;1758638201.1326728
1215;1758638201.2427018
1216;1758638202.1743538
1217;1758638202.2231812
1218;1758638202.3439193
1219;1758638202.4486337
1220;1758638202.5615985
1221;1758638202.6720047
1222;1758638202.781182
1223;1758638202.8920872
1224;1758638203.000312
1225;1758638203.116052
1226;1758638203.2220995
1227;1758638203.3313444
1228;1758638203.4409263
1229;1758638203.54318
1230;1758638203.655418
1231;1758638203.7656434
1232;1758638203.8759222
1233;1758638203.9848952
1234;1758638204.1007633
1235;1758638204.2107222
1236;1758638204.3200402
1237;1758638204.4293888
1238;1758638204.5391057
1239;1758638204.648173
1240;1758638204.7560174
1241;1758638204.8657806
1242;1758638204.9784791
1243;1758638205.0874906
1244;1758638205.1985245
1245;1758638205.3097343
1246;1758638205.4187171
1247;1758638205.527872
1248;1758638205.6371694
1249;1758638205.7469072
1250;1758638205.8554528
1251;1758638205.9634643
1252;1758638206.0733523
1253;1758638206.1855829
1254;1758638206.292701
1255;1758638206.4015841
1256;1758638206.5131547
1257;1758638206.62005
1258;1758638206.7325418
1259;1758638206.8312447
1260;1758638206.9436526
1261;1758638207.052792
1262;1758638207.1622553
1263;1758638207.272664
1264;1758638207.3860402
1265;1758638207.5118544
1266;1758638207.6039622
1267;1758638207.7137587
1268;1758638207.8244903
1269;1758638207.9321756
1270;1758638208.0447774
1271;1758638208.161317
1272;1758638208.2644975
1273;1758638208.3757322
1274;1758638208.4861603
1275;1758638208.5943398
1276;1758638208.705967
1277;1758638208.8149793
1278;1758638208.9224207
1279;1758638209.031803
1280;1758638209.1439779
1281;1758638209.2546039
1282;1758638209.363848
1283;1758638209.4783592
1284;1758638209.5850601
1285;1758638209.6913135
1286;1758638209.8037286
1287;1758638209.903759
1288;1758638210.0168855
1289;1758638210.1284478
1290;1758638210.2425973
1291;1758638210.3489668
1292;1758638210.4559257
1293;1758638210.5674858
1294;1758638210.6742725
1295;1758638210.7849874
1296;1758638210.8962348
1297;1758638211.0041492
1298;1758638211.1106298
1299;1758638211.2213778
1300;1758638211.3325305
1301;1758638211.440141
1302;1758638211.549029
1303;1758638211.658039
1304;1758638211.7674713
1305;1758638211.8771453
1306;1758638211.9893029
1307;1758638212.0989957
1308;1758638212.2077954
1309;1758638212.3171635
1310;1758638212.4255507
1311;1758638212.5352254
1312;1758638212.6586742
1313;1758638212.7604823
1314;1758638212.8657346
1315;1758638212.9749105
1316;1758638213.0843124
1317;1758638213.1891694
1318;1758638213.2988305
1319;1758638213.4053574
1320;1758638213.5151222
1321;1758638213.621321
1322;1758638213.7295482
1323;1758638213.8347144
1324;1758638213.940644
1325;1758638214.0491333
1326;1758638214.1559281
1327;1758638214.273976
1328;1758638214.3795736
1329;1758638214.4854248
1330;1758638214.5954459
1331;1758638214.701
1332;1758638214.8080394
1333;1758638214.9169319
1334;1758638215.0239732
1335;1758638215.1516967
1336;1758638215.2409043
1337;1758638215.351089
1338;1758638215.4610744
1339;1758638215.5714657
1340;1758638215.683179
1341;1758638215.796706
1342;1758638215.9037986
1343;1758638216.0126004
1344;1758638217.4682808
1345;1758638217.4758947
1346;1758638217.5549965
1347;1758638218.9933076
1348;1758638219.0040505
1349;1758638219.0819838
1350;1758638219.1871793
1351;1758638219.2954636
1352;1758638219.4040616
1353;1758638219.5171008
1354;1758638219.6244488
1355;1758638219.7345505
1356;1758638219.8429036
1357;1758638219.9511187
1358;1758638220.061093
1359;1758638220.1729963
1360;1758638220.282371
1361;1758638220.390308
1362;1758638220.5000687
1363;1758638220.608971
1364;1758638220.722142
1365;1758638220.8304136
1366;1758638220.939055
1367;1758638221.049862
1368;1758638221.167621
1369;1758638221.2750034
1370;1758638221.38019
1371;1758638221.48748
1372;1758638221.5952706
1373;1758638221.7021482
1374;1758638221.810452
1375;1758638221.918169
1376;1758638222.0245574
1377;1758638222.1345055
1378;1758638222.2433572
1379;1758638222.3525882
1380;1758638222.4617915
1381;1758638222.5738423
1382;1758638222.6956398
1383;1758638222.7918582
1384;1758638222.8990448
1385;1758638223.0249252
1386;1758638223.1170716
1387;1758638223.22816
1388;1758638223.3371706
1389;1758638223.4454587
1390;1758638223.557165
1391;1758638223.6664517
1392;1758638223.7875283
1393;1758638223.8936942
1394;1758638224.0001795
1395;1758638224.1097717
1396;1758638224.2201056
1397;1758638224.3290584
1398;1758638224.4375908
1399;1758638224.5484004
1400;1758638224.6576078
1401;1758638224.767364
1402;1758638224.8774662
1403;1758638224.9842088
1404;1758638225.092669
1405;1758638225.2043188
1406;1758638225.3136084
1407;1758638225.424364
1408;1758638225.5358849
1409;1758638225.635022
1410;1758638225.7405732
1411;1758638225.8458045
1412;1758638225.9499314
1413;1758638226.0626528
1414;1758638226.1764023
1415;1758638226.2830296
1416;1758638226.3914914
1417;1758638226.5013597
1418;1758638226.6106608
1419;1758638226.720924
1420;1758638226.8302534
1421;1758638226.940286
1422;1758638227.0488496
1423;1758638227.1575344
1424;1758638227.296037
1425;1758638227.3785515
1426;1758638227.488087
1427;1758638227.5963528
1428;1758638228.8090458
1429;1758638228.825165
1430;1758638228.873825
1431;1758638229.0134132
1432;1758638229.1328597
1433;1758638229.264559
1434;1758638229.3627486
1435;1758638229.4676802
1436;1758638229.5787954
1437;1758638229.6872175
1438;1758638229.795604
1439;1758638229.9207127
1440;1758638230.0600505
1441;1758638230.2056816
1442;1758638230.3249938
1443;1758638230.4489293
1444;1758638230.5787475
1445;1758638230.6748166
1446;1758638230.7857475
1447;1758638230.8927906
1448;1758638231.0015144
1449;1758638231.1125162
1450;1758638231.2205915
1451;1758638231.3377674
1452;1758638231.447398
1453;1758638231.5543618
1454;1758638231.663745
1455;1758638231.7746181
1456;1758638231.8828208
1457;1758638231.9910328
1458;1758638232.0999358
1459;1758638232.211345
1460;1758638232.3245893
1461;1758638232.4317217
1462;1758638232.540504
1463;1758638232.642104
1464;1758638232.8190196
1465;1758638232.8540616
1466;1758638232.9621146
1467;1758638233.0701642
1468;1758638233.1788785
1469;1758638233.2848625
1470;1758638233.3927588
1471;1758638233.5033002
1472;1758638233.6078298
1473;1758638233.717021
1474;1758638233.824175
1475;1758638233.9307735
1476;1758638234.039493
1477;1758638234.1462076
1478;1758638234.255373
1479;1758638234.3634915
1480;1758638234.471669
1481;1758638234.5819254
1482;1758638234.6857486
1483;1758638234.7940185
1484;1758638234.9008923
1485;1758638235.0086095
1486;1758638235.117793
1487;1758638235.2248335
1488;1758638235.3383362
1489;1758638235.443139
1490;1758638235.5653207
1491;1758638235.6810107
1492;1758638235.7860575
1493;1758638235.894165
1494;1758638236.002947
1495;1758638236.111877
1496;1758638236.223609
1497;1758638236.3315876
1498;1758638236.4451466
1499;1758638236.5619857
1500;1758638236.6810508
1501;1758638236.8421988
1502;1758638238.001614
1503;1758638238.0179284
1504;1758638238.038539
1505;1758638238.1449304
1506;1758638238.2542453
1507;1758638238.3666606
1508;1758638238.4758427
1509;1758638238.5856647
1510;1758638238.6928296
1511;1758638238.802936
1512;1758638238.9137635
1513;1758638239.0253892
1514;1758638239.1326423
1515;1758638239.2417781
1516;1758638239.3495538
1517;1758638239.4613824
1518;1758638239.5693903
1519;1758638239.678835
1520;1758638239.7875342
1521;1758638239.8966165
1522;1758638240.0073838
1523;1758638240.118938
1524;1758638240.2167401
1525;1758638240.321647
1526;1758638240.426527
1527;1758638240.536232
1528;1758638240.6446037
1529;1758638240.7516026
1530;1758638240.8582945
1531;1758638240.9678814
1532;1758638241.0737631
1533;1758638241.181446
1534;1758638241.2910864
1535;1758638241.396085
1536;1758638241.5033526
1537;1758638241.6082907
1538;1758638241.7209582
1539;1758638241.828038
1540;1758638241.9361358
1541;1758638242.0757258
1542;1758638242.1591046
1543;1758638242.2639022
1544;1758638242.3750076
1545;1758638242.9917896
1546;1758638243.0003617
1547;1758638243.0364985
1548;1758638243.212164
1549;1758638243.2562351
1550;1758638243.3648832
1551;1758638243.475427
1552;1758638243.5859299
1553;1758638243.6939552
1554;1758638243.8026016
1555;1758638243.9116435
1556;1758638244.0225453
1557;1758638244.1317716
1558;1758638244.241498
1559;1758638244.3495708
1560;1758638244.4613824
1561;1758638244.5702095
1562;1758638244.6786308
1563;1758638244.7880569
1564;1758638244.8898866
1565;1758638244.9958813
1566;1758638245.1090076
1567;1758638245.2259197
1568;1758638245.3328893
1569;1758638245.4410384
1570;1758638245.5511715
1571;1758638245.6611726
1572;1758638245.7794955
1573;1758638245.8876777
1574;1758638245.996342
1575;1758638246.110034
1576;1758638246.2147405
1577;1758638246.325066
1578;1758638246.4334717
1579;1758638246.543302
1580;1758638246.6518052
1581;1758638246.7639918
1582;1758638246.871014
1583;1758638246.979308
1584;1758638247.0885208
1585;1758638247.1992912
1586;1758638247.3073127
1587;1758638247.4195037
1588;1758638247.528127
1589;1758638247.6378002
1590;1758638247.7476904
1591;1758638247.8535945
1592;1758638247.9683664
1593;1758638248.0836358
1594;1758638248.7951458
1595;1758638248.8163579
1596;1758638248.867105
1597;1758638248.9781418
1598;1758638249.0863547
1599;1758638249.1975613
1600;1758638249.347359
1601;1758638249.4178395
1602;1758638249.5264702
1603;1758638249.6364384
1604;1758638249.7461646
1605;1758638249.859883
1606;1758638249.976873
1607;1758638250.0821195
1608;1758638250.1923652
1609;1758638250.3025122
1610;1758638250.4123006
1611;1758638250.5230722
1612;1758638250.6322455
1613;1758638250.7334695
1614;1758638250.838432
1615;1758638250.9434383
1616;1758638251.0493815
1617;1758638251.1625004
1618;1758638251.2721074
1619;1758638251.3809402
1620;1758638251.4905422
1621;1758638251.599179
1622;1758638251.707918
1623;1758638251.8181105
1624;1758638251.929118
1625;1758638252.0371356
1626;1758638252.1456704
1627;1758638252.2581942
1628;1758638252.3647835
1629;1758638252.4759967
1630;1758638252.5810902
1631;1758638252.6914709
1632;1758638252.800385
1633;1758638252.9105449
1634;1758638253.0229757
1635;1758638253.1302834
1636;1758638254.0166945
1637;1758638254.023946
1638;1758638254.1169536
1639;1758638254.2268126
1640;1758638254.336814
1641;1758638254.4467814
1642;1758638254.5546916
1643;1758638254.6661756
1644;1758638254.7709935
1645;1758638254.8802783
1646;1758638255.0080547
1647;1758638255.097625
1648;1758638255.2066987
1649;1758638255.320253
1650;1758638255.430249
1651;1758638255.5355058
1652;1758638255.6629767
1653;1758638255.7686605
1654;1758638255.8776865
1655;1758638255.987109
1656;1758638256.0991547
1657;1758638256.2086227
1658;1758638256.317514
1659;1758638256.4269488
1660;1758638256.5351665
1661;1758638256.6465945
1662;1758638256.754739
1663;1758638256.8644936
1664;1758638256.9743366
1665;1758638257.0821285
1666;1758638257.1961048
1667;1758638257.3007355
1668;1758638257.4116287
1669;1758638257.521172
1670;1758638257.6293592
1671;1758638257.7378628
1672;1758638257.848706
1673;1758638257.9579954
1674;1758638258.0588765
1675;1758638258.1638436
1676;1758638258.2999706
1677;1758638258.389289
1678;1758638258.4966035
1679;1758638258.6063604
1680;1758638258.7179132
1681;1758638258.8266876
1682;1758638258.9366887
1683;1758638259.046517
1684;1758638259.1577983
1685;1758638259.2640176
1686;1758638259.37675
1687;1758638259.4841802
1688;1758638259.5942798
1689;1758638259.7045825
1690;1758638259.8147137
1691;1758638259.923623
1692;1758638260.0351634
1693;1758638260.143752
1694;1758638260.2526076
1695;1758638260.363042
1696;1758638260.471237
1697;1758638260.5797422
1698;1758638260.6882882
1699;1758638260.7978876
1700;1758638260.910903
1701;1758638261.0190053
1702;1758638261.129611
1703;1758638261.2355442
1704;1758638261.3431737
1705;1758638261.4630008
1706;1758638261.5683043
1707;1758638261.6820698
1708;1758638261.8195121
1709;1758638261.9098718
1710;1758638262.0149145
1711;1758638262.126066
1712;1758638262.2343173
1713;1758638262.3425326
1714;1758638262.456654
1715;1758638262.565978
1716;1758638262.6753387
1717;1758638262.7837236
1718;1758638262.8928325
1719;1758638263.002839
1720;1758638263.113082
1721;1758638263.2231884
1722;1758638264.0367541
1723;1758638264.0449882
1724;1758638264.10238
1725;1758638264.2122967
1726;1758638264.321555
1727;1758638264.4344304
1728;1758638264.5392315
1729;1758638264.6493607
1730;1758638264.753236
1731;1758638264.8668742
1732;1758638264.9785123
1733;1758638265.0840328
1734;1758638265.195672
1735;1758638265.3050027
1736;1758638265.4140136
1737;1758638265.5245132
1738;1758638265.6318092
1739;1758638265.744496
1740;1758638265.8506234
1741;1758638265.9625356
1742;1758638266.071386
1743;1758638266.1804624
1744;1758638266.2898428
1745;1758638266.40306
1746;1758638266.51055
1747;1758638266.6185899
1748;1758638266.7278244
1749;1758638266.8381414
1750;1758638266.9480965
1751;1758638267.056907
1752;1758638267.166522
1753;1758638267.2804842
1754;1758638267.3874054
1755;1758638267.5000565
1756;1758638267.606525
1757;1758638267.7163415
1758;1758638267.8249953
1759;1758638267.9347653
1760;1758638268.0442796
1761;1758638268.1537693
1762;1758638268.2633982
1763;1758638268.411069
1764;1758638268.4824722
1765;1758638268.6098983
1766;1758638268.7023916
1767;1758638268.8109174
1768;1758638268.9213462
1769;1758638269.0301638
1770;1758638269.138045
1771;1758638269.252128
1772;1758638269.3636076
1773;1758638269.4739501
1774;1758638269.5814133
1775;1758638269.692381
1776;1758638269.803078
1777;1758638269.9125779
1778;1758638270.0214524
1779;1758638270.1297603
1780;1758638270.2385712
1781;1758638270.349781
1782;1758638270.458365
1783;1758638270.5802913
1784;1758638270.6805484
1785;1758638270.7898288
1786;1758638270.8988605
1787;1758638271.008026
1788;1758638271.116173
1789;1758638271.2284489
1790;1758638271.3384128
1791;1758638271.4473977
1792;1758638271.5578992
1793;1758638271.6677296
1794;1758638271.7827194
1795;1758638271.8993642
1796;1758638272.0044017
1797;1758638272.125928
1798;1758638272.229032
1799;1758638272.3405585
1800;1758638272.4474573
1801;1758638272.5594392
1802;1758638272.6695812
1803;1758638272.776725
1804;1758638272.8869264
1805;1758638272.9976432
1806;1758638273.103814
1807;1758638273.2130718
1808;1758638273.3243942
1809;1758638273.436412
1810;1758638273.54232
1811;1758638273.656661
1812;1758638273.7603467
1813;1758638273.8684056
1814;1758638273.9753938
1815;1758638274.0842469
1816;1758638274.191068
1817;1758638274.2993827
1818;1758638274.4076495
1819;1758638274.5195465
1820;1758638274.6228564
1821;1758638274.7437608
1822;1758638274.850727
1823;1758638274.9602666
1824;1758638275.0706456
1825;1758638275.1794767
1826;1758638275.2921996
1827;1758638275.4042406
1828;1758638275.510121
1829;1758638275.619722
1830;1758638275.7302396
1831;1758638275.8401015
1832;1758638275.9476523
1833;1758638276.0598295
1834;1758638276.168322
1835;1758638276.27834
1836;1758638276.3866146
1837;1758638276.4965522
1838;1758638276.6063852
1839;1758638276.715278
1840;1758638276.8244586
1841;1758638276.9332893
1842;1758638277.0422325
1843;1758638277.1672437
1844;1758638277.2643394
1845;1758638277.3693073
1846;1758638277.4801462
1847;1758638277.5888908
1848;1758638277.7004662
1849;1758638277.811602
1850;1758638277.9096909
1851;1758638278.0230145
1852;1758638278.1581469
1853;1758638278.2413025
1854;1758638278.350858
1855;1758638278.4593177
1856;1758638278.5682335
1857;1758638278.6804702
1858;1758638278.795739
1859;1758638278.9055686
1860;1758638279.0157816
1861;1758638279.1264722
1862;1758638279.2345314
1863;1758638279.3470623
1864;1758638279.4550498
1865;1758638279.5646362
1866;1758638279.6755571
1867;1758638279.7844632
1868;1758638279.8965435
1869;1758638280.0096254
1870;1758638280.1167412
1871;1758638280.2247005
1872;1758638280.3350456
1873;1758638280.446042
1874;1758638280.5541482
1875;1758638280.6604373
1876;1758638280.7685702
1877;1758638280.8762574
1878;1758638280.9835875
1879;1758638281.0943456
1880;1758638281.2007823
1881;1758638281.308668
1882;1758638281.414855
1883;1758638281.5237162
1884;1758638281.6315541
1885;1758638281.7408838
1886;1758638281.8472931
1887;1758638281.9555244
1888;1758638282.0619226
1889;1758638283.255297
1890;1758638283.262638
1891;1758638283.3597212
1892;1758638283.4677835
1893;1758638283.5759578
1894;1758638283.6840968
1895;1758638283.7938268
1896;1758638283.9009326
1897;1758638284.0095298
1898;1758638284.116096
1899;1758638284.2237225
1900;1758638284.331335
1901;1758638284.4410992
1902;1758638284.5483377
1903;1758638284.659405
1904;1758638284.7649016
1905;1758638284.8726435
1906;1758638284.979058
1907;1758638285.0873632
1908;1758638285.1958513
1909;1758638285.3159678
1910;1758638285.4082842
1911;1758638285.516294
1912;1758638285.6229866
1913;1758638285.7300444
1914;1758638285.84021
1915;1758638285.947893
1916;1758638286.0522614
1917;1758638286.157941
1918;1758638286.2707658
1919;1758638286.3801122
1920;1758638286.489958
1921;1758638286.602543
1922;1758638286.7117984
1923;1758638286.8213956
1924;1758638286.9301648
1925;1758638287.0393507
1926;1758638287.1496468
1927;1758638287.2715466
1928;1758638287.3748703
1929;1758638287.4840615
1930;1758638287.5987363
1931;1758638287.7168288
1932;1758638288.358262
1933;1758638288.366721
1934;1758638288.3750095
1935;1758638288.4839983
1936;1758638288.5943134
1937;1758638288.7010236
1938;1758638288.8104198
1939;1758638288.9206464
1940;1758638289.031683
1941;1758638289.1399667
1942;1758638289.2491589
1943;1758638289.359667
1944;1758638289.469632
1945;1758638289.5856776
1946;1758638289.6770523
1947;1758638289.7907543
1948;1758638289.89839
1949;1758638290.0067117
1950;1758638290.1176412
1951;1758638290.2481945
1952;1758638290.3468173
1953;1758638290.4542336
1954;1758638290.5631065
1955;1758638290.6735566
1956;1758638290.783103
1957;1758638290.896072
1958;1758638291.0042229
1959;1758638291.1146307
1960;1758638291.2244081
1961;1758638291.3315341
1962;1758638291.4408
1963;1758638291.5518794
1964;1758638291.6602697
1965;1758638291.7700968
1966;1758638291.8790379
1967;1758638291.9890957
1968;1758638292.0986733
1969;1758638292.206986
1970;1758638292.3998494
1971;1758638292.4266229
1972;1758638292.5365005
1973;1758638292.642248
1974;1758638292.7481017
1975;1758638292.858478
1976;1758638292.9625134
1977;1758638293.0718942
1978;1758638293.181476
1979;1758638293.2862408
1980;1758638293.395079
1981;1758638293.5036666
1982;1758638293.610524
1983;1758638293.7188501
1984;1758638293.8274932
1985;1758638293.9348764
1986;1758638294.041096
1987;1758638294.1481717
1988;1758638294.257095
1989;1758638294.3636286
1990;1758638294.4671948
1991;1758638294.5796213
1992;1758638294.6907153
1993;1758638294.8004768
1994;1758638294.9098911
1995;1758638295.0199263
1996;1758638295.1293592
1997;1758638295.2397342
1998;1758638295.3508973
1999;1758638295.460583
2000;1758638295.5693762
2001;1758638295.6805074
2002;1758638295.7877517
2003;1758638295.8987563
2004;1758638296.00658
2005;1758638296.1155872
2006;1758638296.2271867
2007;1758638296.3355618
2008;1758638296.4437852
2009;1758638296.741302
2010;1758638296.749078
2011;1758638296.770693
2012;1758638296.88152
2013;1758638296.990655
2014;1758638297.0980184
2015;1758638297.2069979
2016;1758638297.3343537
2017;1758638297.425999
2018;1758638297.5346546
2019;1758638297.6466498
2020;1758638297.7766063
2021;1758638297.8558524
2022;1758638297.9609787
2023;1758638298.079075
2024;1758638298.1846492
2025;1758638298.2926526
2026;1758638298.413627
2027;1758638298.5376928
2028;1758638298.6464837
2029;1758638298.7568657
2030;1758638298.866125
2031;1758638298.9739223
2032;1758638299.086514
2033;1758638299.19712
2034;1758638299.3027067
2035;1758638299.4124196
2036;1758638299.5225725
2037;1758638299.6309862
2038;1758638299.740292
2039;1758638299.8508635
2040;1758638299.9570427
2041;1758638300.067875
2042;1758638300.1801045
2043;1758638300.2869496
2044;1758638300.3983839
2045;1758638300.5096984
2046;1758638300.616122
2047;1758638300.7278762
2048;1758638300.835659
2049;1758638301.8850977
2050;1758638301.895371
2051;1758638301.926867
2052;1758638302.039465
2053;1758638302.1534438
2054;1758638302.2614877
2055;1758638302.3721762
2056;1758638302.481841
2057;1758638302.5899472
2058;1758638302.6988087
2059;1758638302.8068779
2060;1758638302.9156768
2061;1758638303.0250802
2062;1758638303.1342876
2063;1758638303.244035
2064;1758638303.3529708
2065;1758638303.4610455
2066;1758638303.5728326
2067;1758638303.6802003
2068;1758638303.7904613
2069;1758638303.9001505
2070;1758638304.0083904
2071;1758638304.1177173
2072;1758638304.2288191
2073;1758638304.338018
2074;1758638304.439208
2075;1758638304.5456712
2076;1758638304.64999
2077;1758638304.7549253
2078;1758638304.8599257
2079;1758638304.974237
2080;1758638305.078848
2081;1758638305.1877933
2082;1758638305.295829
2083;1758638305.4064875
2084;1758638305.512945
2085;1758638305.6228867
2086;1758638305.7319324
2087;1758638305.8428035
2088;1758638305.9491074
2089;1758638306.058074
2090;1758638306.1673417
2091;1758638306.2771122
2092;1758638306.388814
2093;1758638306.4950905
2094;1758638306.6038835
2095;1758638306.7126095
2096;1758638306.8217468
2097;1758638306.932123
2098;1758638307.5822144
2099;1758638307.5907402
2100;1758638307.598346
2101;1758638307.7050178
2102;1758638307.8129957
2103;1758638307.9185028
2104;1758638308.026266
2105;1758638308.1361933
2106;1758638308.242228
2107;1758638308.3506248
2108;1758638308.458979
2109;1758638308.5675719
2110;1758638308.6914937
2111;1758638308.7907581
2112;1758638308.8947513
2113;1758638308.9998903
2114;1758638309.1158628
2115;1758638309.2218127
2116;1758638309.3296504
2117;1758638309.4383702
2118;1758638309.5469458
2119;1758638309.6556973
2120;1758638309.7725518
2121;1758638309.8806188
2122;1758638309.9900465
2123;1758638310.0996876
2124;1758638310.2085907
2125;1758638310.318191
2126;1758638310.426728
2127;1758638310.5358622
2128;1758638310.6442165
2129;1758638310.7529414
2130;1758638310.8617866
2131;1758638310.9720137
2132;1758638311.0818777
2133;1758638311.1930044
2134;1758638311.3027532
2135;1758638311.4158769
2136;1758638311.5228484
2137;1758638311.6335137
2138;1758638311.741557
2139;1758638311.851055
2140;1758638312.239717
2141;1758638312.2479234
2142;1758638312.2886732
2143;1758638312.3983018
2144;1758638312.4991608
2145;1758638312.6043317
2146;1758638312.7116938
2147;1758638312.8189769
2148;1758638312.926056
2149;1758638313.0305912
2150;1758638313.1351583
2151;1758638313.2398572
2152;1758638313.345636
2153;1758638313.4571428
2154;1758638313.567274
2155;1758638313.688411
2156;1758638313.791887
2157;1758638313.9022324
2158;1758638314.0127938
2159;1758638315.3955905
2160;1758638315.404218
2161;1758638315.4592237
2162;1758638315.563671
2163;1758638315.6730947
2164;1758638315.7815602
2165;1758638315.889799
2166;1758638316.000419
2167;1758638316.1067028
2168;1758638316.2195
2169;1758638316.3279755
2170;1758638316.4397893
2171;1758638316.5482416
2172;1758638316.656731
2173;1758638316.7671528
2174;1758638316.8760982
2175;1758638316.9863837
2176;1758638317.0957522
2177;1758638317.2038288
2178;1758638317.3135755
2179;1758638317.4229195
2180;1758638317.5342226
2181;1758638317.642657
2182;1758638317.7529166
2183;1758638317.8832512
2184;1758638317.9735644
2185;1758638318.0829551
2186;1758638318.1911094
2187;1758638318.2994857
2188;1758638318.4108427
2189;1758638318.524058
2190;1758638318.6315696
2191;1758638318.7393584
2192;1758638318.851027
2193;1758638318.9590147
2194;1758638319.0605958
2195;1758638319.166735
2196;1758638319.271573
2197;1758638319.3850522
2198;1758638319.4971108
2199;1758638319.605065
2200;1758638319.7138348
2201;1758638319.8234844
2202;1758638319.9323208
2203;1758638320.0409164
2204;1758638320.1504786
2205;1758638320.2588687
2206;1758638320.3688219
2207;1758638320.4799466
2208;1758638320.6427715
2209;1758638320.699868
2210;1758638320.80881
2211;1758638320.9211757
2212;1758638321.0285187
2213;1758638321.1368458
2214;1758638321.2478774
2215;1758638321.3562021
2216;1758638321.4670353
2217;1758638321.5752578
2218;1758638321.707478
2219;1758638321.7964807
2220;1758638321.906604
2221;1758638322.0188036
2222;1758638322.1222835
2223;1758638322.233912
2224;1758638322.3381875
2225;1758638322.4507344
2226;1758638322.5593035
2227;1758638322.670684
2228;1758638322.7789874
2229;1758638322.8876941
2230;1758638322.9970572
2231;1758638323.1072848
2232;1758638323.2167559
2233;1758638323.327445
2234;1758638323.4375527
2235;1758638323.549479
2236;1758638323.6550047
2237;1758638323.7660306
2238;1758638323.8764994
2239;1758638323.9849954
2240;1758638324.0949466
2241;1758638324.2038238
2242;1758638324.3144577
2243;1758638324.4244487
2244;1758638324.5357037
2245;1758638324.6438522
2246;1758638324.7562222
2247;1758638325.5109496
2248;1758638325.5254211
2249;1758638325.5326898
2250;1758638325.9722474
2251;1758638325.9797056
2252;1758638326.0778434
2253;1758638326.1916869
2254;1758638326.3026254
2255;1758638326.4123588
2256;1758638326.5232038
2257;1758638326.631135
2258;1758638326.7399404
2259;1758638326.8518934
2260;1758638326.9612849
2261;1758638327.0691113
2262;1758638327.1789975
2263;1758638327.2882903
2264;1758638327.3965995
2265;1758638327.507902
2266;1758638327.6160572
2267;1758638327.7276318
2268;1758638327.8369112
2269;1758638327.947912
2270;1758638328.056145
2271;1758638328.166504
2272;1758638328.2773602
2273;1758638328.3862894
2274;1758638328.5001228
2275;1758638328.6045392
2276;1758638328.7146115
2277;1758638328.828305
2278;1758638328.9397268
2279;1758638329.0597467
2280;1758638329.1707933
2281;1758638329.278284
2282;1758638329.3793328
2283;1758638329.493359
2284;1758638329.6007895
2285;1758638329.7113328
2286;1758638329.8193512
2287;1758638329.927026
2288;1758638330.0527062
2289;1758638330.1444252
2290;1758638330.2585223
2291;1758638330.3688037
2292;1758638330.4776924
2293;1758638330.587476
2294;1758638331.2660637
2295;1758638331.273705
2296;1758638331.3603046
2297;1758638331.4685106
2298;1758638331.5800543
2299;1758638331.688262
2300;1758638331.7968383
2301;1758638331.9057915
2302;1758638332.0166147
2303;1758638332.1253812
2304;1758638332.2328856
2305;1758638332.3424842
2306;1758638332.451415
2307;1758638332.5600567
2308;1758638332.6704926
2309;1758638332.7795088
2310;1758638332.888959
2311;1758638333.0018866
2312;1758638333.1060266
2313;1758638333.2178118
2314;1758638333.3255832
2315;1758638333.4351747
2316;1758638333.5452824
2317;1758638333.6515222
2318;1758638333.7608523
2319;1758638333.870423
2320;1758638333.9769776
2321;1758638334.1101537
2322;1758638334.1917617
2323;1758638334.30051
2324;1758638334.4103994
2325;1758638334.5177908
2326;1758638334.626525
2327;1758638334.7384665
2328;1758638334.8415625
2329;1758638334.9467397
2330;1758638335.052111
2331;1758638335.166453
2332;1758638335.2850304
2333;1758638335.3953514
2334;1758638335.5059018
2335;1758638335.615864
2336;1758638336.6716888
2337;1758638336.6805224
2338;1758638336.7140732
2339;1758638336.8272722
2340;1758638336.939545
2341;1758638337.0500574
2342;1758638337.159427
2343;1758638337.271188
2344;1758638337.3831007
2345;1758638337.495931
2346;1758638337.6002672
2347;1758638337.7094193
2348;1758638337.819368
2349;1758638337.9279585
2350;1758638338.0388584
2351;1758638338.1500523
2352;1758638338.2553186
2353;1758638338.3674402
2354;1758638338.4750686
2355;1758638338.586365
2356;1758638338.6961303
2357;1758638338.8037531
2358;1758638338.9141543
2359;1758638339.0239606
2360;1758638339.13126
2361;1758638339.2431428
2362;1758638339.3482883
2363;1758638339.459636
2364;1758638339.5689776
2365;1758638339.6794956
2366;1758638339.789413
2367;1758638339.8982632
2368;1758638340.007385
2369;1758638340.1167822
2370;1758638340.227524
2371;1758638340.3357992
2372;1758638340.4475756
2373;1758638340.5528889
2374;1758638340.6796005
2375;1758638340.7730138
2376;1758638340.8820107
2377;1758638340.992053
2378;1758638341.1015906
2379;1758638341.2084243
2380;1758638341.315857
2381;1758638341.4191537
2382;1758638341.5307434
2383;1758638342.350764
2384;1758638342.3603725
2385;1758638342.4202015
2386;1758638342.5290196
2387;1758638342.637444
2388;1758638342.7482026
2389;1758638342.85946
2390;1758638342.9699438
2391;1758638343.0786703
2392;1758638343.186654
2393;1758638343.297091
2394;1758638343.409722
2395;1758638343.5163987
2396;1758638343.6245227
2397;1758638343.7346075
2398;1758638343.844052
2399;1758638343.9548545
2400;1758638344.062001
2401;1758638344.1713116
2402;1758638344.2796881
2403;1758638344.3909967
2404;1758638344.500349
2405;1758638344.6134412
2406;1758638344.7208571
2407;1758638344.823243
2408;1758638344.928553
2409;1758638345.0345986
2410;1758638345.1397445
2411;1758638345.2446759
2412;1758638345.3512964
2413;1758638345.457012
2414;1758638345.5629628
2415;1758638345.6684787
2416;1758638345.7721422
2417;1758638345.8768797
2418;1758638345.982684
2419;1758638346.1013443
2420;1758638346.2097006
2421;1758638346.318969
2422;1758638346.4274929
2423;1758638346.536566
2424;1758638347.0277998
2425;1758638347.04179
2426;1758638347.0864565
2427;1758638347.1955018
2428;1758638347.32485
2429;1758638347.4152384
2430;1758638347.5259354
2431;1758638347.634366
2432;1758638347.7436845
2433;1758638347.8532662
2434;1758638347.9711573
2435;1758638348.0806022
2436;1758638348.1888585
2437;1758638348.297457
2438;1758638348.4091413
2439;1758638348.5175672
2440;1758638348.6253276
2441;1758638348.7273855
2442;1758638348.8424795
2443;1758638348.951297
2444;1758638349.0632915
2445;1758638349.1719394
2446;1758638349.2798269
2447;1758638349.3886693
2448;1758638349.4991522
2449;1758638349.6090233
2450;1758638349.718619
2451;1758638349.8262715
2452;1758638349.9355097
2453;1758638350.0441985
2454;1758638350.153955
2455;1758638350.2653491
2456;1758638350.3768983
2457;1758638350.4848976
2458;1758638350.600466
2459;1758638350.707423
2460;1758638350.8147304
2461;1758638350.9247634
2462;1758638351.0331652
2463;1758638351.1442294
2464;1758638351.25447
2465;1758638351.3665361
2466;1758638351.4752376
2467;1758638351.5838034
2468;1758638352.6118424
2469;1758638352.615847
2470;1758638352.6640382
2471;1758638352.7737978
2472;1758638352.881562
2473;1758638352.991141
2474;1758638353.1027129
2475;1758638353.2112472
2476;1758638353.324133
2477;1758638353.4346297
2478;1758638353.549122
2479;1758638353.658201
2480;1758638353.7670543
2481;1758638353.8920145
2482;1758638353.9859946
2483;1758638354.0954978
2484;1758638354.2044914
2485;1758638354.314823
2486;1758638354.4229696
2487;1758638354.540006
2488;1758638354.6471515
2489;1758638354.7574887
2490;1758638354.8684943
2491;1758638354.9763446
2492;1758638355.07952
2493;1758638355.1843338
2494;1758638355.2937338
2495;1758638355.4190025
2496;1758638355.5302987
2497;1758638355.6430585
2498;1758638355.7488194
2499;1758638355.8585188
2500;1758638355.9690795
2501;1758638356.0761812
2502;1758638356.1861184
2503;1758638356.295465
2504;1758638356.4060273
2505;1758638356.5167203
2506;1758638356.625792
2507;1758638356.8563502
2508;1758638356.8659408
2509;1758638356.9549549
2510;1758638357.067261
2511;1758638357.1774266
2512;1758638357.2829893
2513;1758638357.3950434
2514;1758638357.5045075
2515;1758638357.6148808
2516;1758638357.7269135
2517;1758638357.8339412
2518;1758638357.944666
2519;1758638358.054928
2520;1758638358.168596
2521;1758638358.276342
2522;1758638358.3878746
2523;1758638358.4956508
2524;1758638358.597496
2525;1758638358.710892
2526;1758638358.8199058
2527;1758638358.9318933
2528;1758638359.0397897
2529;1758638359.1501148
2530;1758638359.2588167
2531;1758638359.3740816
2532;1758638359.480417
2533;1758638359.5907009
2534;1758638359.7008047
2535;1758638359.8384893
2536;1758638359.9235756
2537;1758638360.0343108
2538;1758638360.1408784
2539;1758638360.2522345
2540;1758638360.363542
2541;1758638360.4857755
2542;1758638360.588819
2543;1758638360.6975331
2544;1758638360.8096426
2545;1758638360.9189312
2546;1758638361.0286543
2547;1758638361.1406276
2548;1758638361.2479005
2549;1758638361.356219
2550;1758638361.4689791
2551;1758638361.5807695
2552;1758638361.6836677
2553;1758638361.7975478
2554;1758638362.5705004
2555;1758638362.578531
2556;1758638362.67838
2557;1758638362.788008
2558;1758638362.8969593
2559;1758638363.0101638
2560;1758638363.1197305
2561;1758638363.2313852
2562;1758638363.3413377
2563;1758638363.4504848
2564;1758638363.5588262
2565;1758638363.6670098
2566;1758638363.7755926
2567;1758638363.8840494
2568;1758638363.9935167
2569;1758638364.1070764
2570;1758638364.2156763
2571;1758638364.327159
2572;1758638364.436912
2573;1758638364.5454836
2574;1758638364.654168
2575;1758638364.7634776
2576;1758638364.8718781
2577;1758638364.977922
2578;1758638365.0859709
2579;1758638365.1949122
2580;1758638365.3021007
2581;1758638365.4102323
2582;1758638365.5168948
2583;1758638365.625086
2584;1758638365.7330778
2585;1758638365.841374
2586;1758638365.947915
2587;1758638366.0584042
2588;1758638366.1637552
2589;1758638366.2717514
2590;1758638366.379836
2591;1758638366.4857385
2592;1758638366.5939767
2593;1758638366.7023363
2594;1758638366.810012
2595;1758638366.944366
2596;1758638367.0243802
2597;1758638367.1327326
2598;1758638367.2640624
2599;1758638367.3458471
2600;1758638367.4556744
2601;1758638367.5647254
2602;1758638367.6714177
2603;1758638367.779021
2604;1758638367.8845043
2605;1758638367.990944
2606;1758638368.09951
2607;1758638368.2084785
2608;1758638368.3150566
2609;1758638368.426323
2610;1758638368.5307918
2611;1758638368.6494591
2612;1758638368.7548904
2613;1758638368.872062
2614;1758638368.9839687
2615;1758638369.0924783
2616;1758638369.2010114
2617;1758638369.3116252
2618;1758638369.420422
2619;1758638369.5302405
2620;1758638369.6409106
2621;1758638369.7538717
2622;1758638369.8610218
2623;1758638369.9697812
2624;1758638370.0784376
2625;1758638370.1898453
2626;1758638370.3016481
2627;1758638370.428051
2628;1758638370.5431447
2629;1758638370.6591294
2630;1758638370.7708404
2631;1758638370.8738797
2632;1758638370.987085
2633;1758638371.1086676
2634;1758638371.218154
2635;1758638371.3343818
2636;1758638371.4494207
2637;1758638371.554262
2638;1758638371.669849
2639;1758638371.7844338
2640;1758638371.8889797
2641;1758638372.3616185
2642;1758638372.3731349
2643;1758638372.453975
2644;1758638372.5631962
2645;1758638372.6763704
2646;1758638372.7832952
2647;1758638372.900867
2648;1758638373.01145
2649;1758638373.1200304
2650;1758638373.229168
2651;1758638373.3365905
2652;1758638373.4681592
2653;1758638373.5602684
2654;1758638373.6982636
2655;1758638373.8020344
2656;1758638373.9226217
2657;1758638374.08188
2658;1758638374.1707754
2659;1758638374.2763543
2660;1758638374.3887038
2661;1758638374.50055
2662;1758638374.6411724
2663;1758638374.7435868
2664;1758638374.8534048
2665;1758638374.9649866
2666;1758638375.0745785
2667;1758638375.1845233
2668;1758638375.2875133
2669;1758638375.4025452
2670;1758638375.5336814
2671;1758638375.6363215
2672;1758638375.760394
2673;1758638375.8607183
2674;1758638375.972127
2675;1758638376.0846221
2676;1758638376.1987748
2677;1758638376.3304582
2678;1758638376.4335573
2679;1758638376.5551152
2680;1758638376.6590083
2681;1758638376.7682626
2682;1758638376.8781998
2683;1758638376.991424
2684;1758638377.141019
2685;1758638377.224543
2686;1758638377.3331006
2687;1758638377.4441817
2688;1758638377.5546854
2689;1758638377.6649864
2690;1758638377.778247
2691;1758638377.8848095
2692;1758638377.998706
2693;1758638378.1080601
2694;1758638378.2164679
2695;1758638378.3336625
2696;1758638378.446056
2697;1758638378.5550854
2698;1758638378.664157
2699;1758638378.772911
2700;1758638378.886842
2701;1758638378.9895508
2702;1758638379.099105
2703;1758638381.8548713
2704;1758638381.8633244
2705;1758638381.935476
2706;1758638382.0453641
2707;1758638382.1775298
2708;1758638382.2690196
2709;1758638382.4047194
2710;1758638382.5168693
2711;1758638382.6355553
2712;1758638382.8310664
2713;1758638382.9042609
2714;1758638383.0078547
2715;1758638383.1446455
2716;1758638383.2537928
2717;1758638383.3552544
2718;1758638383.4633756
2719;1758638383.5717227
2720;1758638383.678598
2721;1758638383.7858765
2722;1758638383.8953092
2723;1758638384.0004408
2724;1758638384.107063
2725;1758638384.2139044
2726;1758638384.321989
2727;1758638384.429039
2728;1758638384.5394518
2729;1758638384.6462913
2730;1758638384.7525475
2731;1758638384.8600621
2732;1758638384.9693213
2733;1758638385.0769439
2734;1758638385.187509
2735;1758638385.2927783
2736;1758638385.4003756
2737;1758638385.5072734
2738;1758638385.6149921
2739;1758638385.722149
2740;1758638385.8303416
2741;1758638385.942587
2742;1758638386.0470757
2743;1758638386.1583934
2744;1758638386.2608027
2745;1758638386.3719718
2746;1758638386.477664
2747;1758638386.5857897
2748;1758638386.695739
2749;1758638386.8019037
2750;1758638386.9119446
2751;1758638387.0162363
2752;1758638387.1248171
2753;1758638387.8532991
2754;1758638387.8613741
2755;1758638387.8829448
2756;1758638387.9915009
2757;1758638388.1013937
2758;1758638388.2079391
2759;1758638388.3175588
2760;1758638388.4239664
2761;1758638388.5341468
2762;1758638388.6434524
2763;1758638388.7494447
2764;1758638388.8580852
2765;1758638388.9661977
2766;1758638389.072234
2767;1758638389.1802049
2768;1758638389.3095026
2769;1758638389.394364
2770;1758638389.499126
2771;1758638389.6040118
2772;1758638389.7096663
2773;1758638389.8148375
2774;1758638389.9200954
2775;1758638390.0258765
2776;1758638390.1314878
2777;1758638390.2370048
2778;1758638390.3422863
2779;1758638390.4477274
2780;1758638390.5548031
2781;1758638390.658081
2782;1758638390.7652314
2783;1758638390.8722644
2784;1758638390.9749846
2785;1758638391.0805092
2786;1758638391.1864066
2787;1758638391.291065
2788;1758638391.3957174
2789;1758638391.5008607
2790;1758638391.606031
2791;1758638391.7112215
2792;1758638391.8165734
2793;1758638394.993587
2794;1758638395.0304658
2795;1758638395.1095834
2796;1758638395.2170553
2797;1758638395.3267972
2798;1758638395.433878
2799;1758638395.544623
2800;1758638395.6496322
2801;1758638395.7585847
2802;1758638395.8659337
2803;1758638395.9733071
2804;1758638396.0808148
2805;1758638396.1893055
2806;1758638396.2986047
2807;1758638396.4084866
2808;1758638396.5152702
2809;1758638396.6243262
2810;1758638396.739687
2811;1758638396.8454173
2812;1758638396.971467
2813;1758638397.060349
2814;1758638397.1672034
2815;1758638397.2750618
2816;1758638397.3831265
2817;1758638397.492047
2818;1758638397.6003006
2819;1758638397.7068288
2820;1758638397.8114908
2821;1758638397.9164538
2822;1758638398.0214243
2823;1758638398.1268904
2824;1758638398.233636
2825;1758638398.3384702
2826;1758638399.3562098
2827;1758638399.360151
2828;1758638399.3934155
2829;1758638399.4999313
2830;1758638399.606814
2831;1758638399.7117789
2832;1758638399.8179028
2833;1758638399.9226382
2834;1758638400.0475187
2835;1758638400.1329126
2836;1758638400.237671
2837;1758638400.3434958
2838;1758638400.448235
2839;1758638400.5535357
2840;1758638400.6574469
2841;1758638400.7626288
2842;1758638400.8682442
2843;1758638400.9740748
2844;1758638401.07943
2845;1758638401.1842046
2846;1758638401.290567
2847;1758638401.3951404
2848;1758638401.499992
2849;1758638401.6047301
2850;1758638401.7110574
2851;1758638401.8161073
2852;1758638401.9218311
2853;1758638402.0286624
2854;1758638402.1357872
2855;1758638402.240508
2856;1758638402.3454928
2857;1758638402.4501905
2858;1758638402.55672
2859;1758638402.6726336
2860;1758638402.7810035
2861;1758638402.8902764
2862;1758638403.0120442
2863;1758638403.102355
2864;1758638403.2106614
2865;1758638403.320391
2866;1758638403.4272785
2867;1758638404.1939325
2868;1758638404.1979427
2869;1758638404.2910795
2870;1758638404.3979542
2871;1758638404.503255
2872;1758638404.608392
2873;1758638404.7156093
2874;1758638404.8209908
2875;1758638404.927413
2876;1758638405.0477192
2877;1758638405.1369748
2878;1758638405.2431617
2879;1758638405.34701
2880;1758638405.4524539
2881;1758638405.5582175
2882;1758638405.663418
2883;1758638405.7687995
2884;1758638405.875708
2885;1758638405.981386
2886;1758638406.0864837
2887;1758638406.1913226
2888;1758638406.29635
2889;1758638406.4025745
2890;1758638406.5072653
2891;1758638406.6127403
2892;1758638406.720048
2893;1758638406.8262694
2894;1758638406.9300137
2895;1758638407.0353441
2896;1758638407.1398473
2897;1758638407.2462626
2898;1758638407.3516014
2899;1758638407.4565234
2900;1758638407.5617938
2901;1758638407.667698
2902;1758638407.7755177
2903;1758638407.878923
2904;1758638407.9836566
2905;1758638408.0890827
2906;1758638408.193624
2907;1758638408.3003407
2908;1758638408.417893
2909;1758638408.510148
2910;1758638408.6152115
2911;1758638408.7274578
2912;1758638408.8323967
2913;1758638408.9478467
2914;1758638409.0509033
2915;1758638409.1542752
2916;1758638409.260076
2917;1758638409.3667746
2918;1758638409.4716625
2919;1758638409.5781481
2920;1758638409.6827607
2921;1758638409.7894137
2922;1758638409.8934093
2923;1758638409.99828
2924;1758638410.1250746
2925;1758638410.2099438
2926;1758638410.3156316
2927;1758638410.422024
2928;1758638410.528068
2929;1758638410.6330287
2930;1758638410.738649
2931;1758638410.8432746
2932;1758638410.948545
2933;1758638411.0534036
2934;1758638411.1585953
2935;1758638411.2646549
2936;1758638411.3708017
2937;1758638411.4763114
2938;1758638411.5807507
2939;1758638411.6854799
2940;1758638411.7908642
2941;1758638411.896185
2942;1758638412.0008125
2943;1758638412.105964
2944;1758638412.2112088
2945;1758638412.316697
2946;1758638412.4222264
2947;1758638412.5270705
2948;1758638412.6330664
2949;1758638412.7374756
2950;1758638412.843324
2951;1758638412.9587739
2952;1758638413.0540538
2953;1758638413.1596334
2954;1758638413.265468
2955;1758638413.371416
2956;1758638413.483371
2957;1758638413.5820348
2958;1758638413.687443
2959;1758638413.7925985
2960;1758638413.8984892
2961;1758638414.0029333
2962;1758638414.1134522
2963;1758638414.2218437
2964;1758638414.331612
2965;1758638414.4410012
2966;1758638414.5485055
2967;1758638414.6566803
2968;1758638414.7654533
2969;1758638414.8729372
2970;1758638414.9804215
2971;1758638415.0881548
2972;1758638415.4175122
2973;1758638415.4258118
2974;1758638415.5193467
2975;1758638415.6340094
2976;1758638415.7445614
2977;1758638415.8511822
2978;1758638415.9587574
2979;1758638416.0661855
2980;1758638416.1729267
2981;1758638416.2826283
2982;1758638416.3885076
2983;1758638416.4973354
2984;1758638416.6051242
2985;1758638416.7114744
2986;1758638416.8213918
2987;1758638416.9287708
2988;1758638417.0367193
2989;1758638417.1471288
2990;1758638417.2515666
2991;1758638417.3595426
2992;1758638417.4685693
2993;1758638417.574516
2994;1758638417.6827688
2995;1758638417.788519
2996;1758638417.898128
2997;1758638418.0058436
2998;1758638418.1143098
2999;1758638418.2222161
3000;1758638418.3319197
3001;1758638418.4393303
3002;1758638418.5474935
3003;1758638418.6547077
3004;1758638418.785809
3005;1758638418.8730805
3006;1758638418.9817963
3007;1758638419.0884378
3008;1758638419.196166
3009;1758638419.3038754
3010;1758638419.4230003
3011;1758638419.518736
3012;1758638419.6235783
3013;1758638419.7290199
3014;1758638419.8334675
3015;1758638419.9387274
3016;1758638420.0436862
3017;1758638420.14892
3018;1758638420.86248
3019;1758638420.866578
3020;1758638420.8887024
3021;1758638420.9935985
3022;1758638421.0988193
3023;1758638421.2042425
3024;1758638421.3097577
3025;1758638421.415201
3026;1758638421.5217927
3027;1758638421.6266196
3028;1758638421.7317438
3029;1758638421.8367436
3030;1758638421.9430935
3031;1758638422.04803
3032;1758638422.153343
3033;1758638422.2593563
3034;1758638422.3638716
3035;1758638422.470744
3036;1758638422.5748668
3037;1758638422.6799881
3038;1758638422.784881
3039;1758638422.8900564
3040;1758638422.9955204
3041;1758638423.100673
3042;1758638423.205892
3043;1758638423.3109975
3044;1758638423.4177525
3045;1758638423.5219462
3046;1758638423.626558
3047;1758638423.7313757
3048;1758638423.8360522
3049;1758638423.941141
3050;1758638424.0472925
3051;1758638424.1522384
3052;1758638424.2574897
3053;1758638424.363389
3054;1758638424.4958377
3055;1758638424.5797582
3056;1758638424.6886454
3057;1758638424.794248
3058;1758638425.8560088
3059;1758638425.8762627
3060;1758638425.958456
3061;1758638426.0642533
3062;1758638426.168998
3063;1758638426.2738361
3064;1758638426.3786771
3065;1758638426.483965
3066;1758638426.5890486
3067;1758638426.6941068
3068;1758638426.7989886
3069;1758638426.9040904
3070;1758638427.0101182
3071;1758638427.1151724
3072;1758638427.2201598
3073;1758638427.3250911
3074;1758638427.4308639
3075;1758638427.5353703
3076;1758638427.6403673
3077;1758638427.745454
3078;1758638427.8508787
3079;1758638427.9566965
3080;1758638428.0621352
3081;1758638428.1739898
3082;1758638428.2757401
3083;1758638428.3804765
3084;1758638428.486125
3085;1758638428.5913324
3086;1758638428.6954885
3087;1758638428.8006508
3088;1758638428.9061623
3089;1758638429.0113645
3090;1758638429.1182413
3091;1758638429.2222905
3092;1758638429.3274462
3093;1758638429.432512
3094;1758638429.5380344
3095;1758638429.643131
3096;1758638430.80253
3097;1758638430.809723
3098;1758638430.8270125
3099;1758638430.9840293
3100;1758638431.0403411
3101;1758638431.14769
3102;1758638431.2559886
3103;1758638431.387398
3104;1758638431.4691744
3105;1758638431.5791402
3106;1758638431.6861913
3107;1758638431.7955012
3108;1758638431.9015374
3109;1758638432.014547
3110;1758638432.116807
3111;1758638432.2221277
3112;1758638432.3277729
3113;1758638432.4324756
3114;1758638432.537528
3115;1758638432.6432633
3116;1758638432.750293
3117;1758638432.8561187
3118;1758638432.960056
3119;1758638433.06597
3120;1758638433.171138
3121;1758638433.27608
3122;1758638433.380994
3123;1758638433.4863582
3124;1758638433.592444
3125;1758638433.6981127
3126;1758638433.8041549
3127;1758638433.9093497
3128;1758638434.01476
3129;1758638434.1196933
3130;1758638434.225086
3131;1758638434.3298163
3132;1758638434.4346013
3133;1758638434.5401974
3134;1758638434.6455963
3135;1758638434.7508836
3136;1758638434.8562758
3137;1758638434.9623003
3138;1758638435.068457
3139;1758638435.1741016
3140;1758638435.2789133
3141;1758638435.3836606
3142;1758638435.4899473
3143;1758638435.595496
3144;1758638435.7005389
3145;1758638435.80594
3146;1758638435.9120643
3147;1758638436.328289
3148;1758638436.3326623
3149;1758638436.3484504
3150;1758638436.440515
3151;1758638436.546495
3152;1758638436.6517448
3153;1758638436.7590404
3154;1758638436.8655353
3155;1758638436.97032
3156;1758638437.0796452
3157;1758638437.1869383
3158;1758638437.2938683
3159;1758638437.4021027
3160;1758638437.509451
3161;1758638437.6174223
3162;1758638437.7239206
3163;1758638437.8318229
3164;1758638437.9389548
3165;1758638438.0488703
3166;1758638438.1560292
3167;1758638438.2644897
3168;1758638438.3735702
3169;1758638438.4837356
3170;1758638438.5896778
3171;1758638438.6955857
3172;1758638438.8048408
3173;1758638438.9130328
3174;1758638439.0230756
3175;1758638439.1304994
3176;1758638439.2348545
3177;1758638439.344741
3178;1758638439.4517207
3179;1758638439.563589
3180;1758638439.6737056
3181;1758638439.7773123
3182;1758638439.884311
3183;1758638439.9930534
3184;1758638440.1000533
3185;1758638440.2087862
3186;1758638440.3198721
3187;1758638440.4291017
3188;1758638440.5370448
3189;1758638440.644258
3190;1758638440.7514305
3191;1758638441.1793497
3192;1758638441.2299008
3193;1758638441.2955139
3194;1758638441.4044166
3195;1758638441.5133908
3196;1758638441.6201837
3197;1758638441.727594
3198;1758638441.8364935
3199;1758638441.9409366
3200;1758638442.0497556
3201;1758638442.1737998
3202;1758638442.2650714
3203;1758638442.3726127
3204;1758638442.4815714
3205;1758638442.5901577
3206;1758638442.7002714
3207;1758638442.8036997
3208;1758638442.9111636
3209;1758638443.020742
3210;1758638443.128906
3211;1758638443.2352674
3212;1758638443.3447537
3213;1758638443.4519808
3214;1758638443.5586674
3215;1758638443.6676805
3216;1758638443.7760067
3217;1758638443.8820024
3218;1758638443.9929585
3219;1758638444.0994403
3220;1758638444.2052886
3221;1758638444.3152037
3222;1758638444.4209845
3223;1758638444.5286245
3224;1758638444.6374385
3225;1758638444.744172
3226;1758638444.8523734
3227;1758638444.9610145
3228;1758638445.0690417
3229;1758638445.1757722
3230;1758638445.2840462
3231;1758638446.0853062
3232;1758638446.0930026
3233;1758638446.1549785
3234;1758638446.2782881
3235;1758638446.370399
3236;1758638446.479305
3237;1758638446.5849214
3238;1758638446.6929975
3239;1758638446.7999716
3240;1758638446.9100583
3241;1758638447.0161045
3242;1758638447.1231205
3243;1758638447.2306266
3244;1758638447.3386123
3245;1758638447.4450426
3246;1758638447.5538332
3247;1758638447.6620681
3248;1758638447.7686744
3249;1758638447.876106
3250;1758638447.984291
3251;1758638448.0922964
3252;1758638448.2003527
3253;1758638448.3359907
3254;1758638448.4110656
3255;1758638448.5163155
3256;1758638448.623456
3257;1758638448.726893
3258;1758638448.8322062
3259;1758638448.9379084
3260;1758638449.0425456
3261;1758638449.1487048
3262;1758638449.2551925
3263;1758638449.3590972
3264;1758638449.4637916
3265;1758638449.5691354
3266;1758638449.674239
3267;1758638449.779785
3268;1758638449.8853648
3269;1758638449.991132
3270;1758638450.0981536
3271;1758638450.2029305
3272;1758638450.308924
3273;1758638450.414195
3274;1758638450.8213134
3275;1758638450.8250134
3276;1758638450.8355684
3277;1758638450.9414976
3278;1758638451.0490718
3279;1758638451.1578884
3280;1758638451.2644548
3281;1758638451.3695233
3282;1758638451.4740734
3283;1758638451.5799234
3284;1758638451.6850324
3285;1758638451.790284
3286;1758638451.8956106
3287;1758638452.0008569
3288;1758638452.1075568
3289;1758638452.2118633
3290;1758638452.3170104
3291;1758638452.4219496
3292;1758638452.5280871
3293;1758638452.6328242
3294;1758638452.7381818
3295;1758638452.8431787
3296;1758638452.948586
3297;1758638453.055168
3298;1758638453.160477
3299;1758638453.2656667
3300;1758638453.3705146
3301;1758638453.4952738
3302;1758638453.58915
3303;1758638453.6967816
3304;1758638453.8073874
3305;1758638453.91311
3306;1758638454.0228407
3307;1758638454.1287954
3308;1758638454.2328546
3309;1758638454.3371308
3310;1758638454.4428825
3311;1758638454.5478249
3312;1758638454.6529944
3313;1758638454.7595253
3314;1758638454.8636103
3315;1758638454.9690533
3316;1758638455.0731258
3317;1758638455.1788166
3318;1758638455.2842832
3319;1758638455.3894594
3320;1758638455.4946465
3321;1758638455.6013064
3322;1758638455.7087517
3323;1758638455.8148785
3324;1758638455.9188054
3325;1758638456.023565
3326;1758638456.1288416
3327;1758638456.2349193
3328;1758638456.8429463
3329;1758638456.8472323
3330;1758638456.8696454
3331;1758638456.9768612
3332;1758638457.0822165
3333;1758638457.1887574
3334;1758638457.2944958
3335;1758638457.4006279
3336;1758638457.5071688
3337;1758638457.6119502
3338;1758638457.7172997
3339;1758638457.8244278
3340;1758638457.9290895
3341;1758638458.0342581
3342;1758638458.1415536
3343;1758638458.2459989
3344;1758638458.3562915
3345;1758638458.4569743
3346;1758638458.5619433
3347;1758638458.6678612
3348;1758638458.7742097
3349;1758638458.8782141
3350;1758638458.9860506
3351;1758638459.1153753
3352;1758638459.20222
3353;1758638459.3111546
3354;1758638459.4198353
3355;1758638459.5255625
3356;1758638459.6335196
3357;1758638459.745857
3358;1758638459.8508542
3359;1758638459.9608343
3360;1758638460.0682375
3361;1758638460.1754596
3362;1758638460.2867036
3363;1758638460.3946755
3364;1758638460.4992802
3365;1758638460.6101263
3366;1758638460.7180798
3367;1758638460.8223588
3368;1758638460.9319673
3369;1758638461.0374064
3370;1758638461.1458817
3371;1758638461.2553766
3372;1758638461.6113203
3373;1758638461.6195474
3374;1758638461.6900735
3375;1758638461.7981668
3376;1758638461.9120219
3377;1758638462.016665
3378;1758638462.1261609
3379;1758638462.2320306
3380;1758638462.3393204
3381;1758638462.447051
3382;1758638462.5596604
3383;1758638462.664279
3384;1758638462.7711382
3385;1758638462.8802993
3386;1758638462.9866452
3387;1758638463.0937698
3388;1758638463.2023876
3389;1758638463.309512
3390;1758638463.4177399
3391;1758638463.5373192
3392;1758638463.6303957
3393;1758638463.7387075
3394;1758638463.8474317
3395;1758638463.9569592
3396;1758638464.0610075
3397;1758638464.164742
3398;1758638464.2700377
3399;1758638464.3747277
3400;1758638464.4814975
3401;1758638464.5860574
3402;1758638464.6911342
3403;1758638464.796498
3404;1758638464.9025137
3405;1758638465.0077305
3406;1758638465.1125195
3407;1758638465.2215683
3408;1758638465.324854
3409;1758638465.7482579
3410;1758638465.7528915
3411;1758638465.8508103
3412;1758638465.9554949
3413;1758638466.0605369
3414;1758638466.1656187
3415;1758638466.2710605
3416;1758638466.3768458
3417;1758638466.483163
3418;1758638466.5877292
3419;1758638466.693852
3420;1758638466.8004239
3421;1758638466.9048932
3422;1758638467.0096567
3423;1758638467.1245244
3424;1758638467.2200217
3425;1758638467.326253
3426;1758638467.4312625
3427;1758638467.5366967
3428;1758638467.6424527
3429;1758638467.7481294
3430;1758638467.8543565
3431;1758638467.9592125
3432;1758638468.0646615
3433;1758638468.1709359
3434;1758638468.2756526
3435;1758638468.3806295
3436;1758638468.486231
3437;1758638468.5921264
3438;1758638468.6975956
3439;1758638468.8028457
3440;1758638468.9077368
3441;1758638469.0133443
3442;1758638469.118909
3443;1758638469.2293532
3444;1758638469.3358097
3445;1758638469.446285
3446;1758638469.5521948
3447;1758638469.6621466
3448;1758638469.7679887
3449;1758638469.8757691
3450;1758638469.9828255
3451;1758638470.894567
3452;1758638470.9020574
3453;1758638470.9621038
3454;1758638471.0733185
3455;1758638471.1807027
3456;1758638471.2898107
3457;1758638471.4191382
3458;1758638471.5056834
3459;1758638471.6119764
3460;1758638471.7188537
3461;1758638471.826053
3462;1758638471.9357138
3463;1758638472.041103
3464;1758638472.1510518
3465;1758638472.2567942
3466;1758638472.3661423
3467;1758638472.4762921
3468;1758638472.5848513
3469;1758638472.6924243
3470;1758638472.8021116
3471;1758638472.9082763
3472;1758638473.0168612
3473;1758638473.124017
3474;1758638473.2340055
3475;1758638473.340091
3476;1758638473.447994
3477;1758638473.5564885
3478;1758638473.6647494
3479;1758638473.7743506
3480;1758638473.880315
3481;1758638474.0121546
3482;1758638474.0974097
3483;1758638474.2038703
3484;1758638474.3117886
3485;1758638474.4203408
3486;1758638474.529015
3487;1758638474.6356204
3488;1758638474.7434766
3489;1758638474.8524477
3490;1758638474.9589617
3491;1758638475.0751088
3492;1758638475.6006644
3493;1758638475.6045618
3494;1758638475.7039351
3495;1758638475.8104966
3496;1758638475.9184253
3497;1758638476.023769
3498;1758638476.1290133
3499;1758638476.234032
3500;1758638476.3398192
3501;1758638478.1255078
3502;1758638478.1335042
3503;1758638478.1402702
3504;1758638478.2451026
3505;1758638478.3497775
3506;1758638478.455079
3507;1758638478.5605936
3508;1758638478.6651669
3509;1758638478.7701275
3510;1758638478.8751569
3511;1758638478.9805849
3512;1758638479.086574
3513;1758638479.1919906
3514;1758638479.2978551
3515;1758638479.4320226
3516;1758638479.5088463
3517;1758638479.6145546
3518;1758638479.718949
3519;1758638479.8247783
3520;1758638479.9299817
3521;1758638480.0353239
3522;1758638480.1454108
3523;1758638480.2543476
3524;1758638480.3604825
3525;1758638480.467222
3526;1758638480.5778763
3527;1758638480.684063
3528;1758638480.7943017
3529;1758638480.8980963
3530;1758638481.0063157
3531;1758638481.1156187
3532;1758638481.2209556
3533;1758638481.3307333
3534;1758638481.4349656
3535;1758638482.3916664
3536;1758638482.3987138
3537;1758638482.419344
3538;1758638482.5305254
3539;1758638482.6384754
3540;1758638482.744773
3541;1758638482.8541842
3542;1758638482.960712
3543;1758638483.0686183
3544;1758638483.1794908
3545;1758638483.285756
3546;1758638483.3935556
3547;1758638483.502102
3548;1758638483.6094
3549;1758638483.7167058
3550;1758638483.8259385
3551;1758638483.9322805
3552;1758638484.0416005
3553;1758638484.153149
3554;1758638484.257893
3555;1758638484.3668575
3556;1758638484.4769127
3557;1758638484.5813584
3558;1758638484.6913385
3559;1758638484.7999418
3560;1758638484.9054403
3561;1758638485.012109
3562;1758638485.1221466
3563;1758638485.2284489
3564;1758638485.3397267
3565;1758638485.4447038
3566;1758638485.553611
3567;1758638485.660632
3568;1758638485.7691278
3569;1758638485.8852694
3570;1758638485.9867184
3571;1758638486.095895
3572;1758638486.2022257
3573;1758638486.308911
