timestamp;Roll;Lat;Lng;Pitch
348407.22553011135;-17.639707565307617;47.6929386;-2.8160443;8.351618766784668
348507.22553011135;-16.945850372314453;47.6929547;-2.8160274;8.306717872619629
348607.22553011135;-16.20133399963379;47.6929547;-2.8160274;8.302371978759766
348707.22553011135;-14.828490257263184;47.6929712;-2.816011;8.393464088439941
348807.22553011135;-14.18956184387207;47.6929712;-2.816011;8.33884334564209
348907.22553011135;-14.65439510345459;47.6929876;-2.8159958;8.129434585571289
349007.22553011135;-15.396075248718262;47.6929876;-2.8159958;8.06678295135498
349107.22553011135;-16.526039123535156;47.6929876;-2.8159958;7.977542877197266
349207.22553011135;-17.340545654296875;47.6930044;-2.8159815;7.96143102645874
349307.22553011135;-16.94961166381836;47.6930216;-2.8159681;7.951541900634766
349407.22553011135;-16.513120651245117;47.6930216;-2.8159681;7.9544806480407715
349507.22553011135;-15.377999305725098;47.6930389;-2.8159558;8.018988609313965
349607.22553011135;-15.528294563293457;47.6930389;-2.8159558;7.94484806060791
349707.22553011135;-15.299304008483887;47.6930565;-2.8159444;7.9151787757873535
349807.22553011135;-15.487408638000488;47.6930565;-2.8159444;7.845845699310303
349907.22553011135;-15.418992042541504;47.6930741;-2.8159339;7.791292190551758
350007.22553011135;-15.699115753173828;47.6930741;-2.8159339;7.737906455993652
350107.22553011135;-16.385225296020508;47.6930928;-2.8159247;7.554215908050537
350207.22553011135;-16.509130477905273;47.6930928;-2.8159247;7.4658684730529785
350307.22553011135;-16.927635192871094;47.6931115;-2.8159162;7.267452239990234
350407.22553011135;-16.90937042236328;47.6931115;-2.8159162;7.262625217437744
350507.22553011135;-16.786771774291992;47.6931309;-2.8159089;7.352322578430176
350607.22553011135;-16.444894790649414;47.6931309;-2.8159089;7.527062892913818
350707.22553011135;-15.496109962463379;47.6931505;-2.8159027;7.789210319519043
350807.22553011135;-15.114876747131348;47.6931505;-2.8159027;7.881311416625977
350907.22553011135;-15.782964706420898;47.6931696;-2.8158978;7.856062889099121
351007.22553011135;-16.190895080566406;47.6931696;-2.8158978;7.887187957763672
351107.22553011135;-15.85765266418457;47.6931696;-2.8158978;7.929608345031738
351207.22553011135;-15.44583511352539;47.6931894;-2.8158937;7.921238899230957
351307.22553011135;-14.695235252380371;47.6932095;-2.8158902;7.897698402404785
351407.22553011135;-14.593063354492188;47.6932095;-2.8158902;7.825882434844971
351507.22553011135;-14.574628829956055;47.6932296;-2.8158877;7.83154821395874
351607.22553011135;-14.804312705993652;47.6932296;-2.8158877;7.856922626495361
351707.22553011135;-14.878179550170898;47.6932501;-2.8158864;7.98417329788208
351807.22553011135;-14.946449279785156;47.6932501;-2.8158864;8.138778686523438
351907.22553011135;-14.833765029907227;47.6932704;-2.8158861;8.311873435974121
352007.22553011135;-14.615700721740723;47.6932704;-2.8158861;8.355701446533203
352107.22553011135;-14.955574035644531;47.6932704;-2.8158861;8.403915405273438
352207.22553011135;-15.146450996398926;47.6932906;-2.8158869;8.36664867401123
352307.22553011135;-15.455888748168945;47.6933105;-2.8158886;8.269697189331055
352407.22553011135;-15.374285697937012;47.6933105;-2.8158886;8.196537017822266
352507.22553011135;-15.831368446350098;47.6933308;-2.8158913;8.078240394592285
352607.22553011135;-16.07777214050293;47.6933308;-2.8158913;8.024438858032227
352707.22553011135;-16.05581283569336;47.6933517;-2.8158952;7.927613258361816
352807.22553011135;-15.863292694091797;47.6933517;-2.8158952;7.909815311431885
352907.22553011135;-15.93130111694336;47.6933726;-2.8159002;7.951223373413086
353007.22553011135;-16.136920928955078;47.6933726;-2.8159002;7.95256233215332
353107.22553011135;-16.014780044555664;47.6933726;-2.8159002;7.920788764953613
353207.22553011135;-15.614344596862793;47.6933931;-2.8159064;7.874427318572998
353307.22553011135;-15.440471649169922;47.6934135;-2.8159135;7.727707862854004
353407.22553011135;-15.40078353881836;47.6934135;-2.8159135;7.663984298706055
353507.22553011135;-15.172637939453125;47.6934342;-2.8159218;7.611480236053467
353607.22553011135;-15.017290115356445;47.6934342;-2.8159218;7.634286403656006
353707.22553011135;-14.832331657409668;47.6934544;-2.8159308;7.592761516571045
353807.22553011135;-14.76280403137207;47.6934544;-2.8159308;7.556898593902588
353907.22553011135;-14.543153762817383;47.6934739;-2.8159409;7.495968341827393
354007.22553011135;-13.891031265258789;47.6934739;-2.8159409;7.530091762542725
354107.22553011135;-14.018638610839844;47.6934739;-2.8159409;7.606799125671387
354207.22553011135;-13.938804626464844;47.6934943;-2.815952;7.570799827575684
354307.22553011135;-14.380836486816406;47.6935139;-2.8159633;7.580939292907715
354407.22553011135;-14.371611595153809;47.6935139;-2.8159633;7.5660810470581055
354507.22553011135;-14.343140602111816;47.6935336;-2.8159756;7.52520227432251
354607.22553011135;-14.85920524597168;47.6935336;-2.8159756;7.556310653686523
354707.22553011135;-15.520814895629883;47.6935525;-2.815989;7.480212688446045
354807.22553011135;-16.010046005249023;47.6935525;-2.815989;7.466780185699463
354907.22553011135;-17.36393928527832;47.6935717;-2.8160039;7.3084001541137695
355007.22553011135;-18.980873107910156;47.6935717;-2.8160039;7.096438407897949
355107.22553011135;-20.059476852416992;47.6935717;-2.8160039;7.152866840362549
355207.22553011135;-20.870325088500977;47.6935899;-2.8160195;7.200157165527344
355307.22553011135;-20.614463806152344;47.6936089;-2.8160368;7.689315319061279
355407.22553011135;-19.52478790283203;47.6936089;-2.8160368;7.7212815284729
355507.22553011135;-19.95863151550293;47.6936273;-2.8160564;7.795319080352783
355607.22553011135;-19.589794158935547;47.6936273;-2.8160564;7.778112411499023
355707.22553011135;-18.447927474975586;47.693645;-2.8160778;7.891472816467285
355807.22553011135;-17.70238494873047;47.693645;-2.8160778;7.889246463775635
355907.22553011135;-17.557329177856445;47.6936627;-2.8161002;7.846102714538574
356007.22553011135;-16.77079963684082;47.6936627;-2.8161002;7.740135669708252
356107.22553011135;-17.114652633666992;47.6936627;-2.8161002;7.5707502365112305
356207.22553011135;-18.197092056274414;47.6936801;-2.8161232;7.663040637969971
356307.22553011135;-18.798721313476562;47.6936979;-2.8161464;7.788692474365234
356407.22553011135;-17.030590057373047;47.6936979;-2.8161464;7.7442498207092285
356507.22553011135;-16.24224281311035;47.6937147;-2.8161709;7.6009721755981445
356607.22553011135;-15.754554748535156;47.6937147;-2.8161709;7.311357021331787
356707.22553011135;-15.39504623413086;47.6937314;-2.8161971;7.634833812713623
356807.22553011135;-14.568612098693848;47.6937314;-2.8161971;7.791351795196533
356907.22553011135;-11.604172706604004;47.693748;-2.816224;7.840795516967773
357007.22553011135;-9.18742561340332;47.693748;-2.816224;7.7502312660217285
357107.22553011135;-8.61236572265625;47.693748;-2.816224;7.716625213623047
357207.22553011135;-8.373948097229004;47.6937649;-2.8162514;7.718013286590576
357307.22553011135;-8.162336349487305;47.6937813;-2.8162796;7.834662914276123
357407.22553011135;-7.473634243011475;47.6937813;-2.8162796;7.798056602478027
357507.22553011135;-5.8562445640563965;47.6937975;-2.816308;7.707516193389893
357607.22553011135;-5.676936149597168;47.6937975;-2.816308;7.627131938934326
357707.22553011135;-5.817920684814453;47.693814;-2.816336;7.441873073577881
357807.22553011135;-7.071612358093262;47.693814;-2.816336;7.198145389556885
357907.22553011135;-6.477715492248535;47.6938307;-2.8163643;7.1262640953063965
358007.22553011135;-5.924792766571045;47.6938307;-2.8163643;7.022124290466309
358107.22553011135;-4.254260540008545;47.6938307;-2.8163643;6.886634826660156
358207.22553011135;-4.0808424949646;47.6938473;-2.8163927;6.644092559814453
358307.22553011135;-3.314345598220825;47.6938637;-2.8164208;6.259533882141113
358407.22553011135;-2.5937585830688477;47.6938637;-2.8164208;5.765048027038574
358507.22553011135;-1.3386205434799194;47.6938804;-2.8164489;4.8857197761535645
358607.22553011135;-0.7553151845932007;47.6938804;-2.8164489;4.424131870269775
358707.22553011135;-1.0456390380859375;47.6938976;-2.8164772;3.57502818107605
358807.22553011135;-0.732879638671875;47.6938976;-2.8164772;3.012779951095581
358907.22553011135;0.2899702787399292;47.6939151;-2.8165051;2.448549270629883
359007.22553011135;1.090309739112854;47.6939151;-2.8165051;2.0712783336639404
359107.22553011135;1.0438072681427002;47.6939151;-2.8165051;1.4235199689865112
359207.22553011135;0.13265496492385864;47.693933;-2.8165329;1.0712515115737915
359307.22553011135;-1.726555347442627;47.6939511;-2.8165609;0.6559075117111206
359407.22553011135;-2.280890464782715;47.6939511;-2.8165609;0.4300352931022644
359507.22553011135;-2.60154390335083;47.6939696;-2.8165887;0.1912524700164795
359607.22553011135;-3.5053555965423584;47.6939696;-2.8165887;0.05214251577854157
359707.22553011135;-4.834537029266357;47.6939884;-2.8166166;-0.18597446382045746
359807.22553011135;-6.224623680114746;47.6939884;-2.8166166;-0.3436410427093506
359907.22553011135;-8.204054832458496;47.6940081;-2.8166457;-0.6169759035110474
360007.22553011135;-8.933205604553223;47.6940081;-2.8166457;-0.7057714462280273
360107.22553011135;-9.879274368286133;47.6940081;-2.8166457;-0.9337924718856812
360207.22553011135;-10.24695873260498;47.6940273;-2.8166752;-1.0958596467971802
360307.22553011135;-10.363699913024902;47.6940465;-2.8167048;-1.2181180715560913
360407.22553011135;-10.704301834106445;47.6940465;-2.8167048;-1.2526673078536987
360507.22553011135;-11.412005424499512;47.6940659;-2.8167351;-1.3894855976104736
360607.22553011135;-11.703582763671875;47.6940659;-2.8167351;-1.4787399768829346
360707.22553011135;-12.561981201171875;47.6940855;-2.8167661;-1.588431477546692
360807.22553011135;-12.492100715637207;47.6940855;-2.8167661;-1.451661229133606
360907.22553011135;-12.268136024475098;47.694105;-2.8167979;-1.4027591943740845
361007.22553011135;-13.104522705078125;47.694105;-2.8167979;-1.401975393295288
361107.22553011135;-13.82242202758789;47.694105;-2.8167979;-1.4814128875732422
361207.22553011135;-12.852604866027832;47.6941242;-2.8168308;-1.4738905429840088
361307.22553011135;-12.803183555603027;47.6941432;-2.8168646;-1.4221676588058472
361407.22553011135;-13.17145824432373;47.6941432;-2.8168646;-1.3937830924987793
361507.22553011135;-13.456560134887695;47.6941621;-2.8168996;-1.4178990125656128
361607.22553011135;-13.98706340789795;47.6941621;-2.8168996;-1.4907077550888062
361707.22553011135;-13.310068130493164;47.6941808;-2.8169356;-1.3817687034606934
361807.22553011135;-13.524916648864746;47.6941808;-2.8169356;-1.354212760925293
361907.22553011135;-12.991190910339355;47.6941993;-2.8169726;-1.1939640045166016
362007.22553011135;-13.11098575592041;47.6941993;-2.8169726;-0.988789975643158
362107.22553011135;-13.495956420898438;47.6941993;-2.8169726;-0.6872124671936035
362207.22553011135;-13.302970886230469;47.6942175;-2.8170106;-0.386355459690094
362307.22553011135;-13.182267189025879;47.6942356;-2.8170496;0.03745952993631363
362407.22553011135;-12.949679374694824;47.6942356;-2.8170496;0.2369968295097351
362507.22553011135;-13.00451374053955;47.6942535;-2.817089;0.24083037674427032
362607.22553011135;-12.97037124633789;47.6942535;-2.817089;0.33105936646461487
362707.22553011135;-14.12751579284668;47.694271;-2.8171296;0.3305661976337433
362807.22553011135;-14.640878677368164;47.694271;-2.8171296;0.38777461647987366
362907.22553011135;-14.75705623626709;47.694288;-2.8171713;0.5895189046859741
363007.22553011135;-14.354488372802734;47.694288;-2.8171713;0.8322787284851074
363107.22553011135;-14.25985050201416;47.694288;-2.8171713;1.0678430795669556
363207.22553011135;-14.85467529296875;47.6943046;-2.8172138;1.2109203338623047
363307.22553011135;-15.32369613647461;47.6943209;-2.8172575;1.2243523597717285
363407.22553011135;-15.314596176147461;47.6943209;-2.8172575;1.304969072341919
363507.22553011135;-15.374737739562988;47.694337;-2.8173023;1.4930297136306763
363607.22553011135;-15.690169334411621;47.694337;-2.8173023;1.605882167816162
363707.22553011135;-15.11924934387207;47.6943527;-2.8173475;1.7945812940597534
363807.22553011135;-14.507160186767578;47.6943527;-2.8173475;1.841795802116394
363907.22553011135;-14.046138763427734;47.694368;-2.8173934;1.6684008836746216
364007.22553011135;-13.78987979888916;47.694368;-2.8173934;1.5335116386413574
364107.22553011135;-14.993804931640625;47.694368;-2.8173934;1.3636181354522705
364207.22553011135;-15.455887794494629;47.694383;-2.81744;1.3787490129470825
364307.22553011135;-15.72417163848877;47.6943976;-2.8174875;1.457398772239685
364407.22553011135;-15.455268859863281;47.6943976;-2.8174875;1.635827898979187
364507.22553011135;-15.034770011901855;47.6944119;-2.8175358;1.599197506904602
364607.22553011135;-14.927823066711426;47.6944119;-2.8175358;1.4703739881515503
364707.22553011135;-14.845961570739746;47.6944257;-2.8175844;1.3516297340393066
364807.22553011135;-15.114561080932617;47.6944257;-2.8175844;1.1016881465911865
364907.22553011135;-13.799342155456543;47.694439;-2.8176336;0.8217509388923645
365007.22553011135;-13.533106803894043;47.694439;-2.8176336;0.5853378176689148
365107.22553011135;-14.699899673461914;47.694439;-2.8176336;0.4746512174606323
365207.22553011135;-15.661785125732422;47.6944516;-2.817683;0.6435216069221497
365307.22553011135;-17.94354820251465;47.6944635;-2.8177332;1.02790105342865
365407.22553011135;-19.278011322021484;47.6944635;-2.8177332;1.2814290523529053
365507.22553011135;-17.846851348876953;47.6944752;-2.8177846;1.5086495876312256
365607.22553011135;-16.501535415649414;47.6944752;-2.8177846;1.355397343635559
365707.22553011135;-15.125077247619629;47.6944861;-2.8178366;0.7870050668716431
365807.22553011135;-16.097902297973633;47.6944861;-2.8178366;0.4618774354457855
365907.22553011135;-15.136847496032715;47.6944963;-2.8178895;0.20450036227703094
366007.22553011135;-14.116913795471191;47.6944963;-2.8178895;0.13173697888851166
366107.22553011135;-12.976444244384766;47.6944963;-2.8178895;0.15125828981399536
366207.22553011135;-12.410587310791016;47.6945061;-2.8179414;0.31817036867141724
366307.22553011135;-11.792960166931152;47.6945158;-2.8179941;0.13558197021484375
366407.22553011135;-13.566302299499512;47.6945158;-2.8179941;0.16255110502243042
366507.22553011135;-16.055654525756836;47.6945248;-2.8180477;0.2646503150463104
366607.22553011135;-16.189634323120117;47.6945248;-2.8180477;0.21750879287719727
366707.22553011135;-15.03921127319336;47.6945331;-2.8181013;-0.07822930067777634
366807.22553011135;-14.984156608581543;47.6945331;-2.8181013;-0.1530318260192871
366907.22553011135;-15.498543739318848;47.6945409;-2.8181555;-0.2564273774623871
367007.22553011135;-16.183856964111328;47.6945409;-2.8181555;-0.24613727629184723
367107.22553011135;-15.305655479431152;47.6945409;-2.8181555;-0.2988658547401428
367207.22553011135;-14.049768447875977;47.6945483;-2.8182101;-0.6309856176376343
367307.22553011135;-12.845170974731445;47.6945556;-2.8182661;-0.6910646557807922
367407.22553011135;-11.238947868347168;47.6945556;-2.8182661;-0.6538565754890442
367507.22553011135;-12.411402702331543;47.6945623;-2.8183216;-0.6959607601165771
367607.22553011135;-12.407475471496582;47.6945623;-2.8183216;-0.7634182572364807
367707.22553011135;-13.917997360229492;47.6945681;-2.8183777;-0.9129294157028198
367807.22553011135;-14.464560508728027;47.6945681;-2.8183777;-0.9120423793792725
367907.22553011135;-13.822386741638184;47.6945731;-2.818434;-0.7784469127655029
368007.22553011135;-14.367919921875;47.6945731;-2.818434;-0.6020019054412842
368107.22553011135;-15.204739570617676;47.6945731;-2.818434;-0.5518782138824463
368207.22553011135;-16.486276626586914;47.6945777;-2.8184906;-0.49479562044143677
368307.22553011135;-16.51259422302246;47.6945822;-2.8185477;-0.2504264712333679
368407.22553011135;-15.476456642150879;47.6945822;-2.8185477;-0.033747509121894836
368507.22553011135;-13.937411308288574;47.6945863;-2.8186055;-0.09399119019508362
368607.22553011135;-14.257368087768555;47.6945863;-2.8186055;-0.2224738746881485
368707.22553011135;-15.279857635498047;47.6945892;-2.8186628;-0.3944801688194275
368807.22553011135;-15.594521522521973;47.6945892;-2.8186628;-0.49873220920562744
368907.22553011135;-16.748502731323242;47.6945915;-2.8187205;-0.4786801338195801
369007.22553011135;-17.66717529296875;47.6945915;-2.8187205;-0.44222259521484375
369107.22553011135;-17.721736907958984;47.6945915;-2.8187205;-0.25821930170059204
369207.22553011135;-18.24057388305664;47.6945933;-2.8187789;-0.20195752382278442
369307.22553011135;-20.80447769165039;47.694594;-2.8188379;-0.27890628576278687
369407.22553011135;-21.432815551757812;47.694594;-2.8188379;-0.30726051330566406
369507.22553011135;-20.705013275146484;47.6945934;-2.8188976;-0.44618624448776245
369607.22553011135;-20.4316349029541;47.6945934;-2.8188976;-0.37602925300598145
369707.22553011135;-18.367511749267578;47.6945919;-2.8189576;-0.24758772552013397
369807.22553011135;-17.836883544921875;47.6945919;-2.8189576;-0.22116637229919434
369907.22553011135;-17.337005615234375;47.6945898;-2.8190184;-0.10722419619560242
370007.22553011135;-16.787466049194336;47.6945898;-2.8190184;-0.03129488602280617
370107.22553011135;-15.734284400939941;47.6945898;-2.8190184;0.09941649436950684
370207.22553011135;-15.01683235168457;47.694587;-2.8190794;0.30767446756362915
370307.22553011135;-14.073309898376465;47.6945834;-2.819141;0.6585510969161987
370407.22553011135;-11.84915542602539;47.6945834;-2.819141;0.9729313850402832
370507.22553011135;-11.965081214904785;47.69458;-2.8192031;1.3191410303115845
370607.22553011135;-10.547053337097168;47.69458;-2.8192031;1.552192211151123
370707.22553011135;-8.724946975708008;47.6945767;-2.8192651;1.3965861797332764
370807.22553011135;-8.328089714050293;47.6945767;-2.8192651;1.1153538227081299
370907.22553011135;-7.951355934143066;47.6945712;-2.8193275;0.8514145016670227
371007.22553011135;-7.02389669418335;47.6945712;-2.8193275;0.8656259775161743
371107.22553011135;-5.740024566650391;47.6945712;-2.8193275;0.8691427111625671
371207.22553011135;-4.744575500488281;47.6945652;-2.8193899;0.8686786890029907
371307.22553011135;-3.332313299179077;47.6945597;-2.819452;0.6871230006217957
371407.22553011135;-2.730234384536743;47.6945597;-2.819452;0.5151428580284119
371507.22553011135;-2.550058364868164;47.6945545;-2.8195137;0.5643585324287415
371607.22553011135;-2.2640221118927;47.6945545;-2.8195137;0.47115233540534973
371707.22553011135;-1.5375595092773438;47.6945494;-2.8195753;0.398118793964386
371807.22553011135;-0.9851986169815063;47.6945494;-2.8195753;0.2853032648563385
371907.22553011135;-0.9034181833267212;47.6945449;-2.8196368;0.08156544715166092
372007.22553011135;-0.8477304577827454;47.6945449;-2.8196368;-0.05069376900792122
372107.22553011135;0.3333090841770172;47.6945449;-2.8196368;-0.20760369300842285
372207.22553011135;0.6073306202888489;47.6945407;-2.8196972;-0.30864524841308594
372307.22553011135;0.03569280728697777;47.6945365;-2.8197563;-0.6538572311401367
372407.22553011135;-0.44243061542510986;47.6945365;-2.8197563;-0.7823028564453125
372507.22553011135;-1.8353607654571533;47.6945326;-2.8198149;-0.9898725748062134
372607.22553011135;-3.9257547855377197;47.6945326;-2.8198149;-1.3125091791152954
372707.22553011135;-4.505315780639648;47.6945287;-2.8198732;-1.5790098905563354
372807.22553011135;-3.846581220626831;47.6945287;-2.8198732;-1.7793399095535278
372907.22553011135;-2.601693868637085;47.6945242;-2.8199306;-2.2659945487976074
373007.22553011135;-1.1451213359832764;47.6945242;-2.8199306;-2.426215648651123
373107.22553011135;-0.16890370845794678;47.6945242;-2.8199306;-2.5037524700164795
373207.22553011135;-0.4094672203063965;47.6945199;-2.8199876;-2.6538121700286865
373307.22553011135;-0.006954933051019907;47.6945152;-2.8200441;-3.0302467346191406
373407.22553011135;0.1427216529846191;47.6945152;-2.8200441;-3.2643864154815674
373507.22553011135;1.58795166015625;47.6945102;-2.8201004;-3.4275994300842285
373607.22553011135;0.8825293779373169;47.6945102;-2.8201004;-3.5261476039886475
373707.22553011135;0.9311755299568176;47.6945054;-2.8201569;-3.5144312381744385
373807.22553011135;1.4017939567565918;47.6945054;-2.8201569;-3.4868240356445312
373907.22553011135;2.5887317657470703;47.6945006;-2.8202134;-3.3802120685577393
374007.22553011135;3.8309569358825684;47.6945006;-2.8202134;-3.267648696899414
374107.22553011135;5.816288471221924;47.6945006;-2.8202134;-3.007509469985962
374207.22553011135;6.8226399421691895;47.694496;-2.8202689;-2.909071445465088
374307.22553011135;6.055090427398682;47.6944914;-2.8203225;-3.0537667274475098
374407.22553011135;6.529787063598633;47.6944914;-2.8203225;-3.134415626525879
374507.22553011135;6.657085418701172;47.6944877;-2.8203756;-3.3525304794311523
374607.22553011135;6.316287040710449;47.6944877;-2.8203756;-3.319855213165283
374707.22553011135;5.991286277770996;47.6944838;-2.8204286;-3.2739222049713135
374807.22553011135;6.115777015686035;47.6944838;-2.8204286;-3.2052242755889893
374907.22553011135;4.593048572540283;47.6944805;-2.8204806;-3.008147716522217
375007.22553011135;4.92172908782959;47.6944805;-2.8204806;-2.4459681510925293
375107.22553011135;4.266023635864258;47.6944805;-2.8204806;-1.901201605796814
375207.22553011135;3.9530515670776367;47.6944783;-2.8205311;-1.3462570905685425
375307.22553011135;3.782301187515259;47.6944755;-2.820581;-0.5233256220817566
375407.22553011135;3.745530366897583;47.6944755;-2.820581;0.08599701523780817
375507.22553011135;4.268499374389648;47.6944727;-2.82063;0.9012726545333862
375607.22553011135;4.4260358810424805;47.6944727;-2.82063;1.152945876121521
375707.22553011135;4.016292095184326;47.6944698;-2.8206779;1.919381856918335
375807.22553011135;3.608919382095337;47.6944698;-2.8206779;2.5117430686950684
375907.22553011135;2.8682966232299805;47.6944666;-2.8207247;3.276397705078125
376007.22553011135;3.5928125381469727;47.6944666;-2.8207247;3.8812708854675293
376107.22553011135;4.1648383140563965;47.6944666;-2.8207247;4.4838643074035645
376207.22553011135;4.104239463806152;47.6944645;-2.8207731;4.852757453918457
376307.22553011135;3.1135330200195312;47.6944636;-2.8208212;5.135834217071533
376407.22553011135;1.5365208387374878;47.6944636;-2.8208212;5.370368957519531
376507.22553011135;-0.14614151418209076;47.6944633;-2.8208681;5.722225666046143
376607.22553011135;-0.8583239912986755;47.6944633;-2.8208681;5.830846786499023
376707.22553011135;-1.4443427324295044;47.6944628;-2.8209142;5.764764785766602
376807.22553011135;-1.180169701576233;47.6944628;-2.8209142;5.758822441101074
376907.22553011135;-1.2090654373168945;47.6944621;-2.8209601;5.740471363067627
377007.22553011135;-0.7467198371887207;47.6944621;-2.8209601;5.679233551025391
377107.22553011135;0.13341867923736572;47.6944621;-2.8209601;5.5745697021484375
377207.22553011135;1.2982723712921143;47.6944609;-2.8210046;5.569303035736084
377307.22553011135;3.034090995788574;47.6944592;-2.8210478;5.578068256378174
377407.22553011135;4.29878568649292;47.6944592;-2.8210478;5.575345039367676
377507.22553011135;6.3081793785095215;47.694458;-2.8210906;5.392690181732178
377607.22553011135;6.822403430938721;47.694458;-2.8210906;5.2784247398376465
377707.22553011135;6.338523864746094;47.6944576;-2.8211323;4.917567729949951
377807.22553011135;5.511112213134766;47.6944576;-2.8211323;5.030323028564453
377907.22553011135;5.689449787139893;47.694458;-2.8211732;4.812658786773682
378007.22553011135;6.497650146484375;47.694458;-2.8211732;4.845463275909424
378107.22553011135;5.53005838394165;47.694458;-2.8211732;4.250241279602051
378207.22553011135;4.99177360534668;47.6944584;-2.8212137;3.6514151096343994
378307.22553011135;6.146753787994385;47.6944589;-2.8212547;3.2572669982910156
378407.22553011135;5.16072416305542;47.6944589;-2.8212547;2.5795886516571045
378507.22553011135;4.003627300262451;47.6944598;-2.8212949;1.8469622135162354
378607.22553011135;3.640707015991211;47.6944598;-2.8212949;1.5083796977996826
378707.22553011135;2.718940496444702;47.6944605;-2.8213333;1.0692989826202393
378807.22553011135;2.1479971408843994;47.6944605;-2.8213333;0.7507883310317993
378907.22553011135;2.374673843383789;47.6944618;-2.8213721;0.38568297028541565
379007.22553011135;2.823430061340332;47.6944618;-2.8213721;0.339748740196228
379107.22553011135;4.476408004760742;47.6944618;-2.8213721;0.2656030058860779
379207.22553011135;5.541922092437744;47.6944635;-2.8214118;0.1455065757036209
379307.22553011135;7.21425199508667;47.6944659;-2.8214509;0.02166079729795456
379407.22553011135;8.473905563354492;47.6944659;-2.8214509;-0.0022906211670488136
379507.22553011135;10.72376823425293;47.6944688;-2.8214893;0.06821458786725998
379607.22553011135;11.702832221984863;47.6944688;-2.8214893;0.08913038671016693
379707.22553011135;13.060277938842773;47.694472;-2.8215269;-0.07243362069129944
379807.22553011135;13.252060890197754;47.694472;-2.8215269;-0.050645262002944946
379907.22553011135;11.966652870178223;47.694476;-2.8215635;0.026571622118353844
380007.22553011135;11.130175590515137;47.694476;-2.8215635;-0.009594734758138657
380107.22553011135;10.797487258911133;47.694476;-2.8215635;-0.049168821424245834
380207.22553011135;11.107908248901367;47.6944808;-2.8215996;-0.14372991025447845
380307.22553011135;12.010947227478027;47.6944864;-2.8216352;-0.06000344827771187
380407.22553011135;12.463924407958984;47.6944864;-2.8216352;0.18660081923007965
380507.22553011135;12.949823379516602;47.6944929;-2.8216698;0.49770984053611755
380607.22553011135;12.60959529876709;47.6944929;-2.8216698;0.6325598359107971
380707.22553011135;11.71370792388916;47.6944999;-2.8217038;0.9710074067115784
380807.22553011135;11.497462272644043;47.6944999;-2.8217038;1.166967749595642
380907.22553011135;13.379226684570312;47.694508;-2.8217369;1.2174962759017944
381007.22553011135;14.74927043914795;47.694508;-2.8217369;1.039152979850769
381107.22553011135;15.666472434997559;47.694508;-2.8217369;0.7432107925415039
381207.22553011135;15.995166778564453;47.6945168;-2.8217689;0.5639227032661438
381307.22553011135;15.712019920349121;47.6945265;-2.8218002;0.8014001250267029
381407.22553011135;15.778772354125977;47.6945265;-2.8218002;0.7751279473304749
381507.22553011135;15.850459098815918;47.6945372;-2.82183;0.4529832899570465
381607.22553011135;14.627326965332031;47.6945372;-2.82183;0.2298295497894287
381707.22553011135;14.8497953414917;47.6945481;-2.8218591;0.048976216465234756
381807.22553011135;14.896390914916992;47.6945481;-2.8218591;-0.07020702958106995
381907.22553011135;14.467761993408203;47.6945599;-2.8218872;-0.22234788537025452
382007.22553011135;14.484794616699219;47.6945599;-2.8218872;-0.301683247089386
382107.22553011135;14.513304710388184;47.6945599;-2.8218872;-0.19299376010894775
382207.22553011135;13.418563842773438;47.6945726;-2.8219137;-0.03837469592690468
382307.22553011135;13.781721115112305;47.6945861;-2.8219396;0.16363804042339325
382407.22553011135;14.409488677978516;47.6945861;-2.8219396;0.3473348021507263
382507.22553011135;14.838407516479492;47.6946;-2.8219643;0.522851288318634
382607.22553011135;14.490549087524414;47.6946;-2.8219643;0.5462458729743958
382707.22553011135;14.052778244018555;47.694614;-2.8219876;0.2592049837112427
382807.22553011135;13.647985458374023;47.694614;-2.8219876;0.125691220164299
382907.22553011135;14.62136459350586;47.6946289;-2.8220099;0.15161988139152527
383007.22553011135;15.11195182800293;47.6946289;-2.8220099;0.29166480898857117
383107.22553011135;13.976964950561523;47.6946289;-2.8220099;0.5547224879264832
383207.22553011135;13.365911483764648;47.6946442;-2.8220306;0.8651782870292664
383307.22553011135;12.287405014038086;47.6946597;-2.8220497;1.1685912609100342
383407.22553011135;12.040088653564453;47.6946597;-2.8220497;1.3566126823425293
383507.22553011135;11.852643013000488;47.6946753;-2.8220676;1.556790828704834
383607.22553011135;12.148497581481934;47.6946753;-2.8220676;1.605176568031311
383707.22553011135;10.839271545410156;47.6946911;-2.8220842;1.6878559589385986
383807.22553011135;10.61833381652832;47.6946911;-2.8220842;1.7698692083358765
383907.22553011135;10.336105346679688;47.6947072;-2.8220995;1.4155540466308594
384007.22553011135;10.65818977355957;47.6947072;-2.8220995;1.0854243040084839
384107.22553011135;10.99979305267334;47.6947072;-2.8220995;0.5553149580955505
384207.22553011135;12.087817192077637;47.694723;-2.8221128;0.36428898572921753
384307.22553011135;12.306036949157715;47.6947392;-2.8221245;0.40961065888404846
384407.22553011135;12.456263542175293;47.6947392;-2.8221245;0.5191128849983215
384507.22553011135;13.430778503417969;47.6947558;-2.8221355;0.36572471261024475
384607.22553011135;14.1517333984375;47.6947558;-2.8221355;0.16246894001960754
384707.22553011135;14.558466911315918;47.6947729;-2.8221459;-0.299930602312088
384807.22553011135;14.371509552001953;47.6947729;-2.8221459;-0.5093725323677063
384907.22553011135;13.664920806884766;47.6947905;-2.8221552;-0.7831715941429138
385007.22553011135;13.686944007873535;47.6947905;-2.8221552;-0.931026041507721
385107.22553011135;14.205358505249023;47.6947905;-2.8221552;-0.8176774978637695
385207.22553011135;14.078296661376953;47.6948081;-2.8221629;-0.7452848553657532
385307.22553011135;12.86164379119873;47.6948263;-2.8221694;-0.3351079523563385
385407.22553011135;12.382948875427246;47.6948263;-2.8221694;-0.08786274492740632
385507.22553011135;13.380680084228516;47.6948441;-2.8221738;0.19391833245754242
385607.22553011135;13.73547077178955;47.6948441;-2.8221738;0.3747652769088745
385707.22553011135;14.12844467163086;47.6948619;-2.8221764;0.5062577724456787
385807.22553011135;14.711453437805176;47.6948619;-2.8221764;0.6282332539558411
385907.22553011135;15.958512306213379;47.6948802;-2.8221778;0.5426892638206482
386007.22553011135;16.576066970825195;47.6948802;-2.8221778;0.4380134344100952
386107.22553011135;17.2662410736084;47.6948802;-2.8221778;0.4760723114013672
386207.22553011135;17.24929428100586;47.6948982;-2.8221776;0.37862491607666016
386307.22553011135;17.29009437561035;47.6949168;-2.8221765;0.2992786765098572
386407.22553011135;17.066707611083984;47.6949168;-2.8221765;0.3508877754211426
386507.22553011135;17.435819625854492;47.6949361;-2.8221744;0.36045897006988525
386607.22553011135;17.490985870361328;47.6949361;-2.8221744;0.21789231896400452
386707.22553011135;17.36150360107422;47.6949553;-2.8221709;-0.09089898318052292
386807.22553011135;17.450063705444336;47.6949553;-2.8221709;-0.28386932611465454
386907.22553011135;16.696781158447266;47.6949742;-2.8221654;-0.6135741472244263
387007.22553011135;16.540245056152344;47.6949742;-2.8221654;-0.7994401454925537
387107.22553011135;16.942766189575195;47.6949742;-2.8221654;-0.9773908257484436
387207.22553011135;16.527633666992188;47.694993;-2.8221575;-1.1270575523376465
387307.22553011135;15.516597747802734;47.6950109;-2.8221467;-0.9066044688224792
387407.22553011135;14.93408489227295;47.6950109;-2.8221467;-0.6780052781105042
387507.22553011135;14.632808685302734;47.6950284;-2.822134;-0.7093690633773804
387607.22553011135;14.955779075622559;47.6950284;-2.822134;-0.4397194981575012
387707.22553011135;15.683747291564941;47.6950448;-2.8221193;-0.3344675600528717
387807.22553011135;16.81316375732422;47.6950448;-2.8221193;-0.3724762797355652
387907.22553011135;19.17641830444336;47.6950605;-2.8221022;-0.5134945511817932
388007.22553011135;19.53774642944336;47.6950605;-2.8221022;-0.8490520715713501
388107.22553011135;19.13810157775879;47.6950605;-2.8221022;-0.9330825209617615
388207.22553011135;18.70635986328125;47.6950756;-2.8220827;-0.8410572409629822
388307.22553011135;18.57817840576172;47.6950905;-2.8220615;-0.7346001863479614
388407.22553011135;18.11998748779297;47.6950905;-2.8220615;-0.7385684251785278
388507.22553011135;16.078020095825195;47.6951051;-2.8220393;-0.7308738231658936
388607.22553011135;15.250499725341797;47.6951051;-2.8220393;-0.5670722126960754
388707.22553011135;15.756583213806152;47.6951194;-2.8220161;-0.6316711902618408
388807.22553011135;15.776354789733887;47.6951194;-2.8220161;-0.7420929074287415
388907.22553011135;15.887519836425781;47.6951332;-2.8219911;-0.6825453042984009
389007.22553011135;16.044721603393555;47.6951332;-2.8219911;-0.6453593969345093
389107.22553011135;15.77243423461914;47.6951332;-2.8219911;-0.6674191951751709
389207.22553011135;14.36294937133789;47.6951463;-2.8219647;-0.6477056741714478
389307.22553011135;12.24844741821289;47.6951583;-2.8219371;-0.48013216257095337
389407.22553011135;12.420158386230469;47.6951583;-2.8219371;-0.20877069234848022
389507.22553011135;12.320575714111328;47.6951698;-2.821909;0.017384618520736694
389607.22553011135;12.718281745910645;47.6951698;-2.821909;0.08957827091217041
389707.22553011135;13.722265243530273;47.6951805;-2.8218789;-0.08358112722635269
389807.22553011135;13.972487449645996;47.6951805;-2.8218789;-0.010511127300560474
389907.22553011135;15.494329452514648;47.6951902;-2.8218474;0.5925987958908081
390007.22553011135;16.08296012878418;47.6951902;-2.8218474;0.6616653800010681
390107.22553011135;16.49676513671875;47.6951902;-2.8218474;0.8271446228027344
390207.22553011135;16.141494750976562;47.6951986;-2.8218153;0.9942351579666138
390307.22553011135;14.796782493591309;47.6952062;-2.8217819;1.2361478805541992
390407.22553011135;13.17483901977539;47.6952062;-2.8217819;1.3761680126190186
390507.22553011135;10.80616569519043;47.6952133;-2.821748;1.4824265241622925
390607.22553011135;9.555611610412598;47.6952133;-2.821748;1.7021074295043945
390707.22553011135;8.005119323730469;47.6952199;-2.8217134;2.184340000152588
390807.22553011135;8.787715911865234;47.6952199;-2.8217134;1.8155196905136108
390907.22553011135;10.68994426727295;47.6952263;-2.8216781;1.033509612083435
391007.22553011135;11.948695182800293;47.6952263;-2.8216781;0.6999752521514893
391107.22553011135;12.132119178771973;47.6952263;-2.8216781;0.20871655642986298
391207.22553011135;11.69099235534668;47.6952311;-2.8216437;-0.2719654142856598
391307.22553011135;12.417649269104004;47.6952354;-2.8216084;-0.4438444972038269
391407.22553011135;13.430119514465332;47.6952354;-2.8216084;-0.4913567304611206
391507.22553011135;14.731257438659668;47.6952386;-2.8215732;-0.4829152524471283
391607.22553011135;16.97955894470215;47.6952386;-2.8215732;-0.5714072585105896
391707.22553011135;18.311691284179688;47.6952406;-2.8215374;-0.8582796454429626
391807.22553011135;19.10130500793457;47.6952406;-2.8215374;-0.6596745252609253
391907.22553011135;18.902210235595703;47.6952419;-2.8215016;-0.7153112292289734
392007.22553011135;17.919370651245117;47.6952419;-2.8215016;-0.7737428545951843
392107.22553011135;16.862070083618164;47.6952419;-2.8215016;-1.14833664894104
392207.22553011135;17.00873565673828;47.6952421;-2.8214661;-1.7114869356155396
392307.22553011135;16.830036163330078;47.6952413;-2.8214304;-2.438525438308716
392407.22553011135;16.428268432617188;47.6952413;-2.8214304;-2.881753444671631
392507.22553011135;15.31353759765625;47.6952398;-2.8213947;-3.653474807739258
392607.22553011135;15.324493408203125;47.6952398;-2.8213947;-4.054908275604248
392707.22553011135;16.34058380126953;47.6952374;-2.8213586;-4.612666606903076
392807.22553011135;18.043132781982422;47.6952374;-2.8213586;-4.792627811431885
392907.22553011135;19.569290161132812;47.6952336;-2.8213219;-4.743418216705322
393007.22553011135;18.57213592529297;47.6952336;-2.8213219;-4.896501064300537
393107.22553011135;18.217435836791992;47.6952336;-2.8213219;-4.653660774230957
393207.22553011135;18.807239532470703;47.6952281;-2.8212845;-4.36756706237793
393307.22553011135;18.219457626342773;47.6952215;-2.8212467;-4.1240081787109375
393407.22553011135;17.60379409790039;47.6952215;-2.8212467;-4.076899528503418
393507.22553011135;15.946439743041992;47.6952141;-2.8212085;-4.089982986450195
393607.22553011135;15.656657218933105;47.6952141;-2.8212085;-4.226545810699463
393707.22553011135;15.092852592468262;47.6952061;-2.8211702;-4.240993022918701
393807.22553011135;15.035750389099121;47.6952061;-2.8211702;-4.383770942687988
393907.22553011135;14.664529800415039;47.6951965;-2.8211319;-4.521133899688721
394007.22553011135;14.26793098449707;47.6951965;-2.8211319;-3.892469882965088
394107.22553011135;13.269968032836914;47.6951965;-2.8211319;-2.311492919921875
394207.22553011135;14.573355674743652;47.6951861;-2.8210939;-1.667019009590149
394307.22553011135;16.904735565185547;47.695175;-2.8210565;-0.6318868398666382
394407.22553011135;16.584096908569336;47.695175;-2.8210565;-0.30929213762283325
394507.22553011135;14.796574592590332;47.6951635;-2.8210195;-0.934765100479126
394607.22553011135;14.63668441772461;47.6951635;-2.8210195;-1.6517821550369263
394707.22553011135;15.03554916381836;47.6951506;-2.8209829;-1.9337878227233887
394807.22553011135;14.627205848693848;47.6951506;-2.8209829;-1.8423311710357666
394907.22553011135;15.924639701843262;47.695136;-2.8209467;-1.5820497274398804
395007.22553011135;16.182390213012695;47.695136;-2.8209467;-1.544954776763916
395107.22553011135;15.268805503845215;47.695136;-2.8209467;-1.1678043603897095
395207.22553011135;15.46504020690918;47.6951205;-2.8209108;-1.0732841491699219
395307.22553011135;15.688106536865234;47.6951041;-2.8208755;-0.9812223315238953
395407.22553011135;15.931886672973633;47.6951041;-2.8208755;-0.9890660047531128
395507.22553011135;15.918852806091309;47.6950868;-2.8208405;-0.9123638272285461
395607.22553011135;15.784187316894531;47.6950868;-2.8208405;-0.9640073180198669
395707.22553011135;15.901593208312988;47.6950689;-2.820806;-1.0834531784057617
395807.22553011135;15.214255332946777;47.6950689;-2.820806;-1.1610130071640015
395907.22553011135;14.299295425415039;47.6950501;-2.8207723;-1.687559962272644
396007.22553011135;13.933221817016602;47.6950501;-2.8207723;-2.0165412425994873
396107.22553011135;14.061299324035645;47.6950501;-2.8207723;-2.6532371044158936
396207.22553011135;14.01813793182373;47.6950305;-2.8207391;-2.953913450241089
396307.22553011135;15.028241157531738;47.6950102;-2.8207066;-3.1097605228424072
396407.22553011135;15.859501838684082;47.6950102;-2.8207066;-3.218790292739868
396507.22553011135;16.748884201049805;47.6949882;-2.8206738;-3.446178436279297
396607.22553011135;15.856904983520508;47.6949882;-2.8206738;-3.8380885124206543
396707.22553011135;14.035117149353027;47.6949654;-2.8206416;-4.378845691680908
396807.22553011135;13.877877235412598;47.6949654;-2.8206416;-4.272111892700195
396907.22553011135;13.053569793701172;47.6949416;-2.8206096;-3.9448015689849854
397007.22553011135;12.476709365844727;47.6949416;-2.8206096;-3.6302287578582764
397107.22553011135;11.203763961791992;47.6949416;-2.8206096;-3.461345672607422
397207.22553011135;9.933343887329102;47.6949171;-2.8205786;-3.307793617248535
397307.22553011135;8.471796989440918;47.6948916;-2.8205479;-3.4256844520568848
397407.22553011135;7.578769683837891;47.6948916;-2.8205479;-3.4125425815582275
397507.22553011135;6.12361478805542;47.6948658;-2.8205181;-3.356260299682617
397607.22553011135;5.467863082885742;47.6948658;-2.8205181;-3.393824577331543
397707.22553011135;3.2599616050720215;47.6948399;-2.8204884;-3.3136367797851562
397807.22553011135;2.0443665981292725;47.6948399;-2.8204884;-3.1806387901306152
397907.22553011135;2.066826343536377;47.694814;-2.8204589;-2.8736562728881836
398007.22553011135;2.110694408416748;47.694814;-2.8204589;-2.69158673286438
398107.22553011135;1.7475711107254028;47.694814;-2.8204589;-2.3448970317840576
398207.22553011135;1.1632652282714844;47.694788;-2.8204298;-2.2003543376922607
398307.22553011135;-0.49103736877441406;47.6947621;-2.8204004;-2.3318028450012207
398407.22553011135;-1.0193133354187012;47.6947621;-2.8204004;-2.368337631225586
398507.22553011135;-1.4617669582366943;47.6947361;-2.8203719;-2.2392373085021973
398607.22553011135;-1.3939424753189087;47.6947361;-2.8203719;-2.1201586723327637
398707.22553011135;-1.6988493204116821;47.6947104;-2.8203433;-1.8722856044769287
398807.22553011135;-1.5140399932861328;47.6947104;-2.8203433;-1.6889814138412476
398907.22553011135;-0.057460930198431015;47.6946845;-2.820315;-1.2416861057281494
399007.22553011135;0.26029637455940247;47.6946845;-2.820315;-1.2380609512329102
399107.22553011135;-0.14146073162555695;47.6946845;-2.820315;-1.1699084043502808
399207.22553011135;-1.2425868511199951;47.6946587;-2.820287;-1.1995975971221924
399307.22553011135;-1.4783239364624023;47.694633;-2.8202594;-0.974424421787262
399407.22553011135;-0.6927260756492615;47.694633;-2.8202594;-0.8520151972770691
399507.22553011135;-0.20102795958518982;47.6946073;-2.8202324;-1.177312970161438
399607.22553011135;-0.03028024733066559;47.6946073;-2.8202324;-1.4238792657852173
399707.22553011135;0.500377357006073;47.6945817;-2.8202051;-1.6218371391296387
399807.22553011135;0.23225617408752441;47.6945817;-2.8202051;-1.6065207719802856
399907.22553011135;0.2937711179256439;47.6945561;-2.8201782;-1.3398334980010986
400007.22553011135;0.5086303949356079;47.6945561;-2.8201782;-1.234310507774353
400107.22553011135;-0.608718991279602;47.6945561;-2.8201782;-1.387229323387146
400207.22553011135;-0.7576969265937805;47.6945307;-2.8201515;-1.3855239152908325
400307.22553011135;-0.6181278824806213;47.6945051;-2.8201257;-1.4519425630569458
400407.22553011135;-0.8557302355766296;47.6945051;-2.8201257;-1.6454819440841675
400507.22553011135;-1.3337093591690063;47.6944795;-2.8201003;-1.8558154106140137
400607.22553011135;-1.203958511352539;47.6944795;-2.8201003;-1.9363378286361694
400707.22553011135;-0.23051241040229797;47.6944541;-2.8200745;-2.023690938949585
400807.22553011135;-0.088014155626297;47.6944541;-2.8200745;-2.1825222969055176
400907.22553011135;0.5737747550010681;47.6944284;-2.8200492;-2.2436461448669434
401007.22553011135;1.9730093479156494;47.6944284;-2.8200492;-2.1769349575042725
401107.22553011135;3.117419719696045;47.6944284;-2.8200492;-2.37368106842041
401207.22553011135;2.969959020614624;47.6944026;-2.8200246;-2.59004282951355
401307.22553011135;2.5154054164886475;47.694377;-2.8200005;-2.8625330924987793
401407.22553011135;2.208394765853882;47.694377;-2.8200005;-3.0628695487976074
401507.22553011135;1.7832733392715454;47.6943516;-2.8199765;-3.4676673412323
401607.22553011135;1.7201637029647827;47.6943516;-2.8199765;-3.660526990890503
401707.22553011135;2.1607611179351807;47.6943263;-2.8199525;-3.6546850204467773
401807.22553011135;2.141465187072754;47.6943263;-2.8199525;-3.7812747955322266
401907.22553011135;1.577306866645813;47.6943006;-2.8199289;-3.9780142307281494
402007.22553011135;1.1796376705169678;47.6943006;-2.8199289;-3.985564947128296
402107.22553011135;0.4854210913181305;47.6943006;-2.8199289;-3.944903612136841
402207.22553011135;0.1519085019826889;47.694275;-2.8199054;-3.924941062927246
402307.22553011135;0.6432315111160278;47.6942493;-2.8198817;-3.932957172393799
402407.22553011135;1.1142418384552002;47.6942493;-2.8198817;-3.921964406967163
402507.22553011135;1.1508444547653198;47.6942237;-2.819858;-3.7926626205444336
402607.22553011135;0.6946748495101929;47.6942237;-2.819858;-3.7717835903167725
402707.22553011135;0.6742032766342163;47.694198;-2.8198342;-3.9356837272644043
402807.22553011135;1.4949736595153809;47.694198;-2.8198342;-4.052184104919434
402907.22553011135;2.8525469303131104;47.6941723;-2.8198107;-4.113544464111328
403007.22553011135;2.799027919769287;47.6941723;-2.8198107;-3.940782070159912
403107.22553011135;2.671215295791626;47.6941723;-2.8198107;-3.7639663219451904
403207.22553011135;2.8405699729919434;47.6941461;-2.8197873;-3.7626779079437256
403307.22553011135;2.906639337539673;47.6941203;-2.8197633;-3.8292317390441895
403407.22553011135;2.103405475616455;47.6941203;-2.8197633;-3.972327709197998
403507.22553011135;0.9410613775253296;47.6940929;-2.8197413;-4.0498881340026855
403607.22553011135;0.7039908766746521;47.6940929;-2.8197413;-3.9365482330322266
403707.22553011135;0.4937410056591034;47.6940662;-2.8197179;-4.057377815246582
403807.22553011135;0.6467360854148865;47.6940662;-2.8197179;-4.019500732421875
403907.22553011135;-0.18384525179862976;47.6940392;-2.819695;-3.9278602600097656
404007.22553011135;-0.7591894865036011;47.6940392;-2.819695;-3.570951461791992
404107.22553011135;-0.7853859663009644;47.6940392;-2.819695;-3.0995965003967285
404207.22553011135;-0.45057186484336853;47.6940123;-2.819672;-2.738849639892578
404307.22553011135;-1.1064494848251343;47.6939853;-2.8196499;-2.1467010974884033
404407.22553011135;-1.071712613105774;47.6939853;-2.8196499;-1.6679972410202026
404507.22553011135;-1.2265048027038574;47.6939583;-2.8196281;-1.0951684713363647
404607.22553011135;-1.0987536907196045;47.6939583;-2.8196281;-1.1317503452301025
404707.22553011135;-1.071364402770996;47.6939316;-2.8196059;-1.2230993509292603
404807.22553011135;-1.4373221397399902;47.6939316;-2.8196059;-1.056192398071289
404907.22553011135;-1.504298210144043;47.693905;-2.8195838;-0.8134045600891113
405007.22553011135;-1.2630529403686523;47.693905;-2.8195838;-0.7473767995834351
405107.22553011135;-1.2671124935150146;47.693905;-2.8195838;-0.6621972918510437
405207.22553011135;-0.9469231963157654;47.6938788;-2.8195611;-0.5548923015594482
405307.22553011135;-0.48943617939949036;47.6938527;-2.8195392;-0.47187283635139465
405407.22553011135;-0.1977035254240036;47.6938527;-2.8195392;-0.48754656314849854
405507.22553011135;0.11624495685100555;47.6938265;-2.8195178;-0.3891092836856842
405607.22553011135;0.05328115075826645;47.6938265;-2.8195178;-0.2520558536052704
405707.22553011135;-0.12713825702667236;47.6938003;-2.8194967;-0.030109260231256485
405807.22553011135;-0.48040950298309326;47.6938003;-2.8194967;-0.007710455916821957
405907.22553011135;-1.055476188659668;47.6937744;-2.8194755;-0.19464725255966187
406007.22553011135;-1.5524429082870483;47.6937744;-2.8194755;-0.3014483153820038
406107.22553011135;-2.104635238647461;47.6937744;-2.8194755;-0.504792332649231
406207.22553011135;-2.5737812519073486;47.6937484;-2.8194546;-0.5865784883499146
406307.22553011135;-3.471652030944824;47.6937227;-2.8194337;-0.8342406153678894
406407.22553011135;-4.113408088684082;47.6937227;-2.8194337;-1.0456041097640991
406507.22553011135;-4.042731761932373;47.6936975;-2.8194124;-1.5501060485839844
406607.22553011135;-4.022762775421143;47.6936975;-2.8194124;-1.7918938398361206
406707.22553011135;-2.976452350616455;47.693672;-2.8193915;-2.240485906600952
406807.22553011135;-2.657183885574341;47.693672;-2.8193915;-2.4173128604888916
406907.22553011135;-0.7650755047798157;47.6936471;-2.8193699;-2.229581117630005
407007.22553011135;0.23079125583171844;47.6936471;-2.8193699;-2.161675453186035
407107.22553011135;0.07830207049846648;47.6936471;-2.8193699;-2.237952470779419
407207.22553011135;-0.1479606181383133;47.693622;-2.8193492;-2.0778417587280273
407307.22553011135;-0.18758299946784973;47.6935967;-2.8193293;-1.9409288167953491
407407.22553011135;0.7163283228874207;47.6935967;-2.8193293;-1.9413061141967773
407507.22553011135;0.5444765686988831;47.6935719;-2.8193088;-1.9138133525848389
407607.22553011135;-0.17679177224636078;47.6935719;-2.8193088;-1.9610620737075806
407707.22553011135;-0.9512572288513184;47.6935471;-2.8192884;-2.251976490020752
407807.22553011135;-1.6284922361373901;47.6935471;-2.8192884;-2.55531644821167
407907.22553011135;-1.5358752012252808;47.6935223;-2.819268;-3.1586689949035645
408007.22553011135;-1.4713877439498901;47.6935223;-2.819268;-3.439603090286255
408107.22553011135;-0.7141125202178955;47.6935223;-2.819268;-3.6350345611572266
408207.22553011135;-0.1556115746498108;47.6934971;-2.8192477;-3.693607807159424
408307.22553011135;1.3707735538482666;47.6934723;-2.8192269;-3.5721099376678467
408407.22553011135;1.8221158981323242;47.6934723;-2.8192269;-3.54018235206604
408507.22553011135;1.6848777532577515;47.6934472;-2.8192061;-3.484610080718994
408607.22553011135;1.7922948598861694;47.6934472;-2.8192061;-3.2710518836975098
408707.22553011135;2.007239580154419;47.6934222;-2.8191854;-2.8569228649139404
408807.22553011135;1.6893795728683472;47.6934222;-2.8191854;-2.4561562538146973
408907.22553011135;1.7764307260513306;47.6933965;-2.8191659;-1.8221698999404907
409007.22553011135;2.0706698894500732;47.6933965;-2.8191659;-1.2481083869934082
409107.22553011135;1.5440984964370728;47.6933965;-2.8191659;-0.6521927118301392
409207.22553011135;0.6011658310890198;47.6933718;-2.8191459;-0.5716080069541931
409307.22553011135;0.901953935623169;47.6933466;-2.8191267;0.0025242615956813097
409407.22553011135;0.7866774797439575;47.6933466;-2.8191267;0.26596713066101074
409507.22553011135;0.8936468958854675;47.6933215;-2.8191082;0.37504440546035767
409607.22553011135;0.7879607081413269;47.6933215;-2.8191082;0.3584352731704712
409707.22553011135;0.4489029049873352;47.6932964;-2.8190902;0.1708994209766388
409807.22553011135;0.48339417576789856;47.6932964;-2.8190902;0.06371749937534332
409907.22553011135;0.49968311190605164;47.6932712;-2.8190729;-0.15120618045330048
410007.22553011135;0.15290439128875732;47.6932712;-2.8190729;-0.49925127625465393
410107.22553011135;-0.37590721249580383;47.6932712;-2.8190729;-1.1121301651000977
410207.22553011135;-0.07433896511793137;47.6932459;-2.819056;-1.4462753534317017
410307.22553011135;0.5706993937492371;47.6932208;-2.8190387;-1.9278024435043335
410407.22553011135;1.1708543300628662;47.6932208;-2.8190387;-2.0917935371398926
410507.22553011135;2.0277068614959717;47.6931958;-2.819021;-1.9689507484436035
410607.22553011135;1.8913582563400269;47.6931958;-2.819021;-2.1973018646240234
410707.22553011135;-0.18165193498134613;47.6931703;-2.8190038;-2.4665260314941406
410807.22553011135;-0.9131180047988892;47.6931703;-2.8190038;-2.678496837615967
410907.22553011135;0.14101482927799225;47.6931448;-2.8189868;-2.7121169567108154
411007.22553011135;0.7849985361099243;47.6931448;-2.8189868;-2.9005024433135986
411107.22553011135;0.5700652599334717;47.6931448;-2.8189868;-3.719818115234375
411207.22553011135;1.2411680221557617;47.693119;-2.8189701;-3.7216286659240723
411307.22553011135;1.487166404724121;47.6930927;-2.8189534;-3.665982246398926
411407.22553011135;1.0886473655700684;47.6930927;-2.8189534;-3.5767924785614014
411507.22553011135;1.8023563623428345;47.6930669;-2.8189364;-3.0779404640197754
411607.22553011135;1.000351905822754;47.6930669;-2.8189364;-1.8359904289245605
411707.22553011135;-2.556140184402466;47.6930406;-2.8189199;0.3918398916721345
411807.22553011135;-6.560216903686523;47.6930406;-2.8189199;1.145202398300171
411907.22553011135;-8.073409080505371;47.6930152;-2.8189021;1.128296971321106
412007.22553011135;-8.597288131713867;47.6930152;-2.8189021;1.2242074012756348
412107.22553011135;-9.24424934387207;47.6930152;-2.8189021;1.6785377264022827
412207.22553011135;-8.70930290222168;47.69299;-2.8188843;2.0638535022735596
412307.22553011135;-8.938587188720703;47.6929658;-2.8188661;2.5188450813293457
412407.22553011135;-8.986051559448242;47.6929658;-2.8188661;2.633744716644287
412507.22553011135;-8.494845390319824;47.692942;-2.8188481;2.5124480724334717
412607.22553011135;-9.759143829345703;47.692942;-2.8188481;2.381422281265259
412707.22553011135;-11.572378158569336;47.6929185;-2.8188302;1.6748698949813843
412807.22553011135;-11.908953666687012;47.6929185;-2.8188302;0.8718050122261047
412907.22553011135;-11.3885498046875;47.6928957;-2.8188116;-0.019586659967899323
413007.22553011135;-11.848923683166504;47.6928957;-2.8188116;-0.24395038187503815
413107.22553011135;-12.99350643157959;47.6928957;-2.8188116;-0.08976469188928604
413207.22553011135;-12.533790588378906;47.6928738;-2.8187921;0.16000445187091827
413307.22553011135;-12.473308563232422;47.6928518;-2.8187739;0.3535521626472473
413407.22553011135;-11.886783599853516;47.6928518;-2.8187739;0.356275349855423
413507.22553011135;-12.206096649169922;47.6928306;-2.8187551;-0.19436097145080566
413607.22553011135;-12.403203010559082;47.6928306;-2.8187551;-0.7879577279090881
413707.22553011135;-10.83409309387207;47.6928102;-2.8187349;-1.301755428314209
413807.22553011135;-10.14120864868164;47.6928102;-2.8187349;-1.4172788858413696
413907.22553011135;-10.08414363861084;47.6927899;-2.8187147;-1.573045253753662
414007.22553011135;-10.436019897460938;47.6927899;-2.8187147;-1.5620330572128296
414107.22553011135;-11.136817932128906;47.6927899;-2.8187147;-1.4050089120864868
414207.22553011135;-11.958440780639648;47.6927703;-2.8186939;-1.2273473739624023
414307.22553011135;-13.224992752075195;47.6927512;-2.8186725;-0.39588910341262823
414407.22553011135;-12.952804565429688;47.6927512;-2.8186725;0.5203841328620911
414507.22553011135;-11.324172019958496;47.6927325;-2.8186512;1.7637841701507568
414607.22553011135;-10.409246444702148;47.6927325;-2.8186512;1.8005540370941162
414707.22553011135;-8.685469627380371;47.6927151;-2.8186293;1.332313895225525
414807.22553011135;-9.043417930603027;47.6927151;-2.8186293;0.8830525875091553
414907.22553011135;-10.85183048248291;47.6926982;-2.8186078;0.7639682292938232
415007.22553011135;-11.911808967590332;47.6926982;-2.8186078;0.6927582025527954
415107.22553011135;-13.052709579467773;47.6926982;-2.8186078;0.8525426387786865
415207.22553011135;-14.249504089355469;47.6926816;-2.8185866;1.180586338043213
415307.22553011135;-14.968350410461426;47.6926661;-2.8185651;2.0312178134918213
415407.22553011135;-14.421574592590332;47.6926661;-2.8185651;2.8618080615997314
415507.22553011135;-14.830931663513184;47.6926514;-2.818544;2.709149122238159
415607.22553011135;-15.248274803161621;47.6926514;-2.818544;1.8665950298309326
415707.22553011135;-15.387752532958984;47.6926381;-2.8185223;1.3762398958206177
415807.22553011135;-15.983823776245117;47.6926381;-2.8185223;1.700495719909668
415907.22553011135;-15.827381134033203;47.6926258;-2.8185009;2.281198740005493
416007.22553011135;-16.324588775634766;47.6926258;-2.8185009;2.5281193256378174
416107.22553011135;-16.833301544189453;47.6926258;-2.8185009;2.4049272537231445
416207.22553011135;-15.272848129272461;47.6926142;-2.8184801;2.060253143310547
416307.22553011135;-12.801692962646484;47.6926032;-2.8184599;1.504624605178833
416407.22553011135;-13.442605972290039;47.6926032;-2.8184599;0.5979754328727722
416507.22553011135;-14.772858619689941;47.6925933;-2.8184392;0.09910129010677338
416607.22553011135;-15.587026596069336;47.6925933;-2.8184392;0.002525408985093236
416707.22553011135;-16.54884910583496;47.6925844;-2.8184188;-0.3960001468658447
416807.22553011135;-16.622133255004883;47.6925844;-2.8184188;-0.5474977493286133
416907.22553011135;-16.888141632080078;47.6925759;-2.8183992;-0.5124449133872986
417007.22553011135;-17.260862350463867;47.6925759;-2.8183992;-0.2423560619354248
417107.22553011135;-17.277591705322266;47.6925759;-2.8183992;0.20788778364658356
417207.22553011135;-17.026142120361328;47.6925686;-2.8183795;0.2354767918586731
417307.22553011135;-19.106815338134766;47.6925618;-2.8183617;0.6257469058036804
417407.22553011135;-19.681249618530273;47.6925618;-2.8183617;1.154825210571289
417507.22553011135;-19.273754119873047;47.6925565;-2.8183443;1.7179999351501465
417607.22553011135;-19.482973098754883;47.6925565;-2.8183443;2.025357723236084
417707.22553011135;-19.8018741607666;47.6925523;-2.8183279;2.229316473007202
417807.22553011135;-19.72757339477539;47.6925523;-2.8183279;2.2566075325012207
417907.22553011135;-19.60375213623047;47.6925489;-2.8183129;2.3366410732269287
418007.22553011135;-20.012432098388672;47.6925489;-2.8183129;2.5245566368103027
418107.22553011135;-20.612550735473633;47.6925489;-2.8183129;2.7268080711364746
418207.22553011135;-21.482337951660156;47.6925465;-2.8182988;2.807356357574463
418307.22553011135;-22.950557708740234;47.6925443;-2.8182863;2.882802724838257
418407.22553011135;-23.443742752075195;47.6925443;-2.8182863;3.0346860885620117
418507.22553011135;-24.5024356842041;47.692543;-2.8182751;2.787034749984741
418607.22553011135;-24.634912490844727;47.692543;-2.8182751;2.460714101791382
418707.22553011135;-23.26564598083496;47.6925427;-2.8182652;2.159116506576538
418807.22553011135;-22.923830032348633;47.6925427;-2.8182652;1.7094122171401978
418907.22553011135;-22.835235595703125;47.6925431;-2.8182567;0.9264736771583557
419007.22553011135;-22.33431053161621;47.6925431;-2.8182567;0.3179788589477539
419107.22553011135;-22.07844352722168;47.6925431;-2.8182567;-0.5250709056854248
419207.22553011135;-21.888641357421875;47.6925446;-2.8182493;-0.482951283454895
419307.22553011135;-22.35565948486328;47.6925469;-2.8182443;-0.37736082077026367
419407.22553011135;-22.705617904663086;47.6925469;-2.8182443;-0.30658939480781555
419507.22553011135;-22.8686580657959;47.6925496;-2.8182411;-0.40480107069015503
419607.22553011135;-22.857328414916992;47.6925496;-2.8182411;-0.6846356391906738
419707.22553011135;-23.240129470825195;47.6925528;-2.8182399;-0.8314453363418579
419807.22553011135;-23.039194107055664;47.6925528;-2.8182399;-0.5178858041763306
419907.22553011135;-20.14006996154785;47.6925562;-2.8182408;-0.10973200201988222
420007.22553011135;-18.445049285888672;47.6925562;-2.8182408;-0.24304576218128204
420107.22553011135;-16.833866119384766;47.6925562;-2.8182408;-0.5512343645095825
420207.22553011135;-15.173532485961914;47.6925595;-2.8182435;-0.4216129779815674
420307.22553011135;-12.337841987609863;47.692563;-2.8182477;-0.3108663856983185
420407.22553011135;-11.233356475830078;47.692563;-2.8182477;-0.35627368092536926
420507.22553011135;-9.43035888671875;47.6925671;-2.8182528;-0.5883816480636597
420607.22553011135;-8.545888900756836;47.6925671;-2.8182528;-0.42794376611709595
420707.22553011135;-7.227968692779541;47.6925709;-2.8182583;-0.08836487680673599
420807.22553011135;-6.992410659790039;47.6925709;-2.8182583;0.15956564247608185
420907.22553011135;-7.796594142913818;47.6925752;-2.8182649;0.13919413089752197
421007.22553011135;-7.450444221496582;47.6925752;-2.8182649;-0.011938262730836868
421107.22553011135;-6.578729629516602;47.6925752;-2.8182649;-0.4816363751888275
421207.22553011135;-5.811721324920654;47.6925794;-2.818272;-0.49518367648124695
421307.22553011135;-5.522278308868408;47.692583;-2.8182791;-0.29245439171791077
421407.22553011135;-6.247560501098633;47.692583;-2.8182791;-0.4674123227596283
421507.22553011135;-6.931713104248047;47.6925858;-2.818286;-0.6028502583503723
421607.22553011135;-6.777591228485107;47.6925858;-2.818286;-0.6833012104034424
421707.22553011135;-6.250752925872803;47.6925886;-2.8182933;-0.8176751732826233
421807.22553011135;-5.854259967803955;47.6925886;-2.8182933;-0.977047860622406
421907.22553011135;-6.1122355461120605;47.6925912;-2.8183009;-1.1442095041275024
422007.22553011135;-6.358074188232422;47.6925912;-2.8183009;-1.16513991355896
422107.22553011135;-6.924482345581055;47.6925912;-2.8183009;-1.2339997291564941
422207.22553011135;-7.31009578704834;47.6925939;-2.818309;-1.3436686992645264
422307.22553011135;-7.726017475128174;47.6925966;-2.8183178;-1.4170961380004883
422407.22553011135;-7.792169570922852;47.6925966;-2.8183178;-1.4182533025741577
422507.22553011135;-7.453505039215088;47.6925988;-2.8183272;-1.2986022233963013
422607.22553011135;-6.810483932495117;47.6925988;-2.8183272;-1.2902858257293701
422707.22553011135;-6.451948642730713;47.6926014;-2.8183372;-1.3568755388259888
422807.22553011135;-5.62986946105957;47.6926014;-2.8183372;-1.3014700412750244
422907.22553011135;-3.798705577850342;47.692604;-2.8183481;-1.5744715929031372
423007.22553011135;-3.3244316577911377;47.692604;-2.8183481;-1.73904550075531
423107.22553011135;-1.7082569599151611;47.692604;-2.8183481;-1.8962723016738892
423207.22553011135;0.5220242142677307;47.6926066;-2.8183593;-2.1770706176757812
423307.22553011135;2.9524195194244385;47.6926094;-2.8183706;-2.4103894233703613
423407.22553011135;3.661714553833008;47.6926094;-2.8183706;-2.3193554878234863
423507.22553011135;4.9454169273376465;47.6926123;-2.8183821;-2.39914870262146
423607.22553011135;6.237967014312744;47.6926123;-2.8183821;-2.5706241130828857
423707.22553011135;8.028650283813477;47.6926154;-2.8183929;-2.819490432739258
423807.22553011135;8.647578239440918;47.6926154;-2.8183929;-2.9862732887268066
423907.22553011135;8.635334968566895;47.6926187;-2.8184033;-3.3187081813812256
424007.22553011135;9.254179954528809;47.6926187;-2.8184033;-3.34149169921875
424107.22553011135;10.072888374328613;47.6926187;-2.8184033;-3.135249376296997
424207.22553011135;10.398367881774902;47.6926223;-2.8184128;-3.1014089584350586
424307.22553011135;9.82844352722168;47.692626;-2.8184211;-3.166689872741699
424407.22553011135;8.889988899230957;47.692626;-2.8184211;-3.0307164192199707
424507.22553011135;7.67767858505249;47.69263;-2.8184288;-2.9870152473449707
424607.22553011135;7.0449748039245605;47.69263;-2.8184288;-2.939336061477661
424707.22553011135;6.086444854736328;47.6926342;-2.8184357;-2.7461555004119873
424807.22553011135;5.96342134475708;47.6926342;-2.8184357;-2.467494010925293
424907.22553011135;5.526877403259277;47.6926384;-2.818442;-1.8087259531021118
425007.22553011135;4.590579986572266;47.6926384;-2.818442;-1.4439725875854492
425107.22553011135;2.5642826557159424;47.6926384;-2.818442;-1.3188177347183228
425207.22553011135;1.238205909729004;47.6926424;-2.8184473;-1.3110779523849487
425307.22553011135;0.5273455381393433;47.6926465;-2.8184525;-1.1522600650787354
425407.22553011135;1.1640352010726929;47.6926465;-2.8184525;-1.2700653076171875
425507.22553011135;1.2689896821975708;47.6926506;-2.8184583;-0.8570700883865356
425607.22553011135;0.4810454547405243;47.6926506;-2.8184583;-0.3557642698287964
425707.22553011135;-0.4422670304775238;47.6926544;-2.8184632;0.249166414141655
425807.22553011135;-0.7677422165870667;47.6926544;-2.8184632;0.25177696347236633
425907.22553011135;-0.9277783632278442;47.6926582;-2.8184686;-0.4495525658130646
426007.22553011135;-0.9109905958175659;47.6926582;-2.8184686;-0.5740591883659363
426107.22553011135;-0.42166370153427124;47.6926582;-2.8184686;-0.6118044257164001
426207.22553011135;-0.3088999092578888;47.6926618;-2.8184737;-0.5353994369506836
426307.22553011135;-0.10764113068580627;47.6926655;-2.8184792;-0.4433714747428894
426407.22553011135;-0.46704408526420593;47.6926655;-2.8184792;-0.4766303300857544
426507.22553011135;-1.6809309720993042;47.6926691;-2.8184843;-0.8928655982017517
426607.22553011135;-2.9923226833343506;47.6926691;-2.8184843;-1.2053945064544678
426707.22553011135;-4.396229267120361;47.6926729;-2.81849;-1.4643993377685547
426807.22553011135;-4.825172424316406;47.6926729;-2.81849;-1.561022162437439
426907.22553011135;-4.647425174713135;47.6926766;-2.818496;-1.7010773420333862
427007.22553011135;-4.7983012199401855;47.6926766;-2.818496;-1.6665048599243164
427107.22553011135;-4.500196933746338;47.6926766;-2.818496;-1.5007916688919067
427207.22553011135;-4.705066680908203;47.6926802;-2.8185025;-1.6156128644943237
427307.22553011135;-5.2486186027526855;47.692684;-2.8185093;-1.3762023448944092
427407.22553011135;-4.347934246063232;47.692684;-2.8185093;-1.0284708738327026
427507.22553011135;-2.298022508621216;47.6926878;-2.8185161;-0.8589853048324585
427607.22553011135;-0.9646559357643127;47.6926878;-2.8185161;-1.0816566944122314
427707.22553011135;1.4781124591827393;47.6926919;-2.8185233;-1.1010565757751465
427807.22553011135;3.3671348094940186;47.6926919;-2.8185233;-1.217379093170166
427907.22553011135;6.2765021324157715;47.6926962;-2.8185296;-1.3217512369155884
428007.22553011135;7.442593574523926;47.6926962;-2.8185296;-1.7413833141326904
428107.22553011135;8.212265014648438;47.6926962;-2.8185296;-2.254263162612915
428207.22553011135;9.00015640258789;47.6927005;-2.8185349;-2.452068567276001
428307.22553011135;9.00627326965332;47.6927049;-2.8185395;-2.6787681579589844
428407.22553011135;9.094799041748047;47.6927049;-2.8185395;-2.8516428470611572
428507.22553011135;9.387638092041016;47.6927098;-2.8185433;-2.895082712173462
428607.22553011135;9.25003719329834;47.6927098;-2.8185433;-2.8235559463500977
428707.22553011135;7.553574085235596;47.6927149;-2.8185467;-3.213031530380249
428807.22553011135;4.927855014801025;47.6927149;-2.8185467;-3.5417959690093994
428907.22553011135;3.249915361404419;47.69272;-2.8185502;-3.7450923919677734
429007.22553011135;2.185180902481079;47.69272;-2.8185502;-3.2821619510650635
429107.22553011135;1.6372958421707153;47.69272;-2.8185502;-2.112751007080078
429207.22553011135;0.31212764978408813;47.692725;-2.8185536;-1.2943487167358398
429307.22553011135;-1.3722827434539795;47.6927299;-2.8185566;-0.4782255291938782
429407.22553011135;-2.2539093494415283;47.6927299;-2.8185566;0.060198429971933365
429507.22553011135;-3.3852765560150146;47.6927343;-2.8185589;1.292494297027588
429607.22553011135;-2.791701078414917;47.6927343;-2.8185589;1.1392804384231567
429707.22553011135;-2.1742405891418457;47.6927392;-2.8185622;1.1135624647140503
429807.22553011135;-2.693807363510132;47.6927392;-2.8185622;0.5317403078079224
429907.22553011135;-5.209056377410889;47.6927441;-2.8185655;-0.4337327182292938
430007.22553011135;-5.448308944702148;47.6927441;-2.8185655;-0.11278877407312393
430107.22553011135;-6.038469314575195;47.6927441;-2.8185655;-0.12672801315784454
430207.22553011135;-6.3636555671691895;47.692749;-2.8185685;-0.23491105437278748
430307.22553011135;-7.199738025665283;47.6927538;-2.8185721;-0.14818227291107178
430407.22553011135;-7.852248668670654;47.6927538;-2.8185721;0.006170355249196291
430507.22553011135;-7.195872783660889;47.6927586;-2.8185763;0.36600545048713684
430607.22553011135;-6.531337738037109;47.6927586;-2.8185763;0.9509944915771484
430707.22553011135;-5.843061923980713;47.6927629;-2.8185805;1.6406916379928589
430807.22553011135;-5.1231689453125;47.6927629;-2.8185805;1.9367939233779907
430907.22553011135;-5.582806587219238;47.6927676;-2.8185866;2.341155529022217
431007.22553011135;-6.40048360824585;47.6927676;-2.8185866;2.6830456256866455
431107.22553011135;-6.354206085205078;47.6927676;-2.8185866;2.9169769287109375
431207.22553011135;-6.588685512542725;47.6927718;-2.8185927;2.7770168781280518
431307.22553011135;-7.157413959503174;47.6927749;-2.8185983;2.5281827449798584
431407.22553011135;-7.0520734786987305;47.6927749;-2.8185983;2.1823890209198
431507.22553011135;-6.722999572753906;47.6927777;-2.8186047;1.6849411725997925
431607.22553011135;-6.254603862762451;47.6927777;-2.8186047;1.4237453937530518
431707.22553011135;-5.395961284637451;47.6927803;-2.8186112;1.105952262878418
431807.22553011135;-5.022736549377441;47.6927803;-2.8186112;0.8943056464195251
431907.22553011135;-4.192780494689941;47.6927825;-2.8186181;0.46735912561416626
432007.22553011135;-3.7997548580169678;47.6927825;-2.8186181;0.17932955920696259
432107.22553011135;-3.501288652420044;47.6927825;-2.8186181;-0.10991796106100082
432207.22553011135;-3.257991075515747;47.6927849;-2.8186256;-0.27031922340393066
432307.22553011135;-2.72025203704834;47.6927871;-2.8186331;-0.5686140060424805
432407.22553011135;-2.334853172302246;47.6927871;-2.8186331;-0.8143389225006104
432507.22553011135;-1.6084089279174805;47.6927894;-2.8186409;-1.1118292808532715
432607.22553011135;-1.416670322418213;47.6927894;-2.8186409;-1.2884882688522339
432707.22553011135;-0.46698135137557983;47.6927914;-2.8186482;-1.2124602794647217
432807.22553011135;0.0259377621114254;47.6927914;-2.8186482;-1.2399708032608032
432907.22553011135;-1.1774721145629883;47.6927939;-2.818656;-1.7010504007339478
433007.22553011135;-2.990746259689331;47.6927939;-2.818656;-2.1231529712677
433107.22553011135;-3.026453971862793;47.6927939;-2.818656;-2.7308881282806396
433207.22553011135;-2.947625160217285;47.6927964;-2.8186637;-2.852980852127075
433307.22553011135;-2.5680596828460693;47.6927993;-2.818672;-2.797165632247925
433407.22553011135;-2.445282459259033;47.6927993;-2.818672;-2.6730830669403076
433507.22553011135;-2.209815502166748;47.692802;-2.8186801;-2.190673828125
433607.22553011135;-2.1255054473876953;47.692802;-2.8186801;-1.5777019262313843
433707.22553011135;-2.220306873321533;47.6928041;-2.818687;-0.6817019581794739
433807.22553011135;-2.480250835418701;47.6928041;-2.818687;-0.16564717888832092
433907.22553011135;-2.739635467529297;47.6928065;-2.818694;0.6054857969284058
434007.22553011135;-2.1679255962371826;47.6928065;-2.818694;0.8616375923156738
434107.22553011135;-1.512268304824829;47.6928065;-2.818694;1.371516227722168
434207.22553011135;-1.968889832496643;47.6928094;-2.8187019;1.7239972352981567
434307.22553011135;-2.4392504692077637;47.6928126;-2.8187106;2.1481425762176514
434407.22553011135;-2.5261878967285156;47.6928126;-2.8187106;2.2703170776367188
434507.22553011135;-2.0146968364715576;47.6928157;-2.8187189;2.4511899948120117
434607.22553011135;-1.7094277143478394;47.6928157;-2.8187189;2.627432346343994
434707.22553011135;-1.751023769378662;47.6928188;-2.8187274;2.74813175201416
434807.22553011135;-1.9967081546783447;47.6928188;-2.8187274;2.842824935913086
434907.22553011135;-2.7366437911987305;47.6928222;-2.8187361;2.921966552734375
435007.22553011135;-2.8854899406433105;47.6928222;-2.8187361;3.496269464492798
435107.22553011135;-3.5860817432403564;47.6928222;-2.8187361;4.678781986236572
435207.22553011135;-3.9451591968536377;47.6928267;-2.8187451;5.303494453430176
435307.22553011135;-4.250120162963867;47.6928321;-2.8187539;6.254382133483887
435407.22553011135;-4.450704574584961;47.6928321;-2.8187539;6.879194736480713
435507.22553011135;-4.224106788635254;47.6928381;-2.818763;7.647454261779785
435607.22553011135;-4.143847465515137;47.6928381;-2.818763;8.044075965881348
435707.22553011135;-3.7295541763305664;47.6928448;-2.8187724;8.470386505126953
435807.22553011135;-3.334571361541748;47.6928448;-2.8187724;8.789257049560547
435907.22553011135;-3.3226592540740967;47.6928521;-2.8187822;9.228283882141113
436007.22553011135;-3.6933789253234863;47.6928521;-2.8187822;9.433300018310547
436107.22553011135;-3.562171220779419;47.6928521;-2.8187822;9.759157180786133
436207.22553011135;-2.8551459312438965;47.6928595;-2.8187918;9.864930152893066
436307.22553011135;-2.7307016849517822;47.6928676;-2.8188013;10.049917221069336
436407.22553011135;-2.5882668495178223;47.6928676;-2.8188013;10.110532760620117
436507.22553011135;-1.8993436098098755;47.6928758;-2.8188105;10.096952438354492
436607.22553011135;-2.7093546390533447;47.6928758;-2.8188105;10.033400535583496
436707.22553011135;-3.720717191696167;47.6928847;-2.8188206;9.992189407348633
436807.22553011135;-3.5177600383758545;47.6928847;-2.8188206;9.906960487365723
436907.22553011135;-2.8869524002075195;47.6928939;-2.8188303;9.72245979309082
437007.22553011135;-2.5841360092163086;47.6928939;-2.8188303;9.603377342224121
437107.22553011135;-1.8978650569915771;47.6928939;-2.8188303;9.339696884155273
437207.22553011135;-1.048690676689148;47.6929033;-2.81884;9.253379821777344
437307.22553011135;-0.4394514858722687;47.6929132;-2.8188495;9.057372093200684
437407.22553011135;-0.015732206404209137;47.6929132;-2.8188495;8.908888816833496
437507.22553011135;0.5024906992912292;47.6929235;-2.8188587;8.649558067321777
437607.22553011135;0.8569453954696655;47.6929235;-2.8188587;8.458564758300781
437707.22553011135;1.3767144680023193;47.6929341;-2.8188676;8.200833320617676
437807.22553011135;0.6556699872016907;47.6929341;-2.8188676;7.990478038787842
437907.22553011135;1.1121838092803955;47.6929448;-2.8188756;7.6659135818481445
438007.22553011135;1.5096454620361328;47.6929448;-2.8188756;7.663033962249756
438107.22553011135;0.6332849264144897;47.6929448;-2.8188756;7.056879997253418
438207.22553011135;0.3484824299812317;47.6929555;-2.8188836;6.646347522735596
438307.22553011135;0.22825607657432556;47.6929658;-2.8188914;5.97075891494751
438407.22553011135;0.4111340343952179;47.6929658;-2.8188914;5.541121482849121
438507.22553011135;0.6970725059509277;47.6929757;-2.8188992;4.725571632385254
438607.22553011135;0.7106136679649353;47.6929757;-2.8188992;4.194745063781738
438707.22553011135;-0.13685555756092072;47.6929849;-2.8189064;3.1796042919158936
438807.22553011135;-0.8872839212417603;47.6929849;-2.8189064;2.6436448097229004
438907.22553011135;-2.00308895111084;47.6929939;-2.8189141;1.8610388040542603
439007.22553011135;-2.609081268310547;47.6929939;-2.8189141;1.3569279909133911
439107.22553011135;-3.324416399002075;47.6929939;-2.8189141;0.9006849527359009
439207.22553011135;-3.432868242263794;47.6930027;-2.8189215;0.687640905380249
439307.22553011135;-3.1213698387145996;47.6930113;-2.8189288;0.29096826910972595
439407.22553011135;-3.7405946254730225;47.6930113;-2.8189288;0.19806437194347382
439507.22553011135;-4.163413047790527;47.6930196;-2.8189359;0.00037373939994722605
439607.22553011135;-3.619779348373413;47.6930196;-2.8189359;-0.09359317272901535
439707.22553011135;-2.9894802570343018;47.693028;-2.8189437;-0.25184452533721924
439807.22553011135;-1.9521328210830688;47.693028;-2.8189437;-0.39458203315734863
439907.22553011135;-0.5343796610832214;47.6930366;-2.8189516;-0.5898600816726685
440007.22553011135;-0.812903881072998;47.6930366;-2.8189516;-0.9824780225753784
440107.22553011135;-0.9238539934158325;47.6930366;-2.8189516;-1.3410388231277466
440207.22553011135;-0.30697828531265253;47.6930451;-2.8189593;-1.2942631244659424
440307.22553011135;0.7174749970436096;47.6930538;-2.8189666;-1.165692925453186
440407.22553011135;-0.3331468403339386;47.6930538;-2.8189666;-1.3484797477722168
440507.22553011135;-0.24282623827457428;47.6930624;-2.8189733;-1.5402790307998657
440607.22553011135;-0.951357901096344;47.6930624;-2.8189733;-1.6937013864517212
440707.22553011135;-2.2774200439453125;47.6930715;-2.8189805;-2.020840644836426
440807.22553011135;-2.7070999145507812;47.6930715;-2.8189805;-1.9223523139953613
440907.22553011135;-2.9570136070251465;47.6930807;-2.8189878;-1.8053356409072876
441007.22553011135;-3.083827257156372;47.6930807;-2.8189878;-1.7705798149108887
441107.22553011135;-3.2320897579193115;47.6930807;-2.8189878;-1.6556955575942993
441207.22553011135;-3.0589218139648438;47.69309;-2.8189952;-1.4938231706619263
441307.22553011135;-2.694676637649536;47.6930994;-2.8190027;-1.2910839319229126
441407.22553011135;-2.4374120235443115;47.6930994;-2.8190027;-1.1799936294555664
441507.22553011135;-1.8782528638839722;47.6931086;-2.8190098;-0.9313923120498657
441607.22553011135;-1.1468840837478638;47.6931086;-2.8190098;-0.7772908806800842
441707.22553011135;-0.5442682504653931;47.6931184;-2.8190178;-0.6050178408622742
441807.22553011135;-0.9401973485946655;47.6931184;-2.8190178;-0.6329441666603088
441907.22553011135;-0.6644437313079834;47.693128;-2.8190252;-0.6815281510353088
442007.22553011135;-0.14039212465286255;47.693128;-2.8190252;-0.6166355013847351
442107.22553011135;0.7388054728507996;47.693128;-2.8190252;-0.5704383254051208
442207.22553011135;0.6474834084510803;47.6931378;-2.8190327;-0.49992018938064575
442307.22553011135;0.1536976546049118;47.6931476;-2.8190393;-0.33083972334861755
442407.22553011135;0.046920426189899445;47.6931476;-2.8190393;-0.23199355602264404
442507.22553011135;-0.12112294137477875;47.6931575;-2.8190466;-0.048937954008579254
442607.22553011135;-0.43718740344047546;47.6931575;-2.8190466;0.040959201753139496
442707.22553011135;-1.2534029483795166;47.6931673;-2.8190533;0.020706703886389732
442807.22553011135;-2.0223195552825928;47.6931673;-2.8190533;0.03206074610352516
442907.22553011135;-2.1118099689483643;47.693177;-2.81906;0.026102926582098007
443007.22553011135;-1.787975549697876;47.693177;-2.81906;-0.05991310998797417
443107.22553011135;-1.54880690574646;47.693177;-2.81906;0.19729702174663544
443207.22553011135;-1.3865387439727783;47.693187;-2.8190672;0.32176852226257324
443307.22553011135;-1.59596848487854;47.693197;-2.8190743;0.5232303142547607
443407.22553011135;-1.3981679677963257;47.693197;-2.8190743;0.28935256600379944
443507.22553011135;-1.2185472249984741;47.6932069;-2.8190811;0.027071107178926468
443607.22553011135;-1.3381465673446655;47.6932069;-2.8190811;0.0340321883559227
443707.22553011135;-0.4190238416194916;47.6932167;-2.8190876;0.08451787382364273
443807.22553011135;-0.13200180232524872;47.6932167;-2.8190876;0.17033617198467255
443907.22553011135;-0.622739851474762;47.6932264;-2.819094;0.32148823142051697
444007.22553011135;-1.0166559219360352;47.6932264;-2.819094;0.4369197189807892
444107.22553011135;-1.212172508239746;47.6932264;-2.819094;0.1358543187379837
444207.22553011135;-0.5732685327529907;47.6932363;-2.8191003;0.07758074998855591
444307.22553011135;0.13803699612617495;47.6932462;-2.8191066;0.042055875062942505
444407.22553011135;0.5102968811988831;47.6932462;-2.8191066;-0.011541444808244705
444507.22553011135;0.39232441782951355;47.693256;-2.8191125;-0.16298596560955048
444607.22553011135;-0.3668825924396515;47.693256;-2.8191125;-0.0940471664071083
444707.22553011135;-0.9017459750175476;47.6932662;-2.8191186;-0.16135717928409576
444807.22553011135;-0.8474010229110718;47.6932662;-2.8191186;-0.334640234708786
444907.22553011135;-0.5222609639167786;47.6932766;-2.8191249;-0.3255000710487366
445007.22553011135;-0.36393776535987854;47.6932766;-2.8191249;-0.3397085666656494
445107.22553011135;0.12424592673778534;47.6932766;-2.8191249;-0.33060547709465027
445207.22553011135;0.6464860439300537;47.6932867;-2.8191307;-0.3228563666343689
445307.22553011135;0.6096338033676147;47.6932967;-2.8191362;-0.4422338008880615
445407.22553011135;0.6229722499847412;47.6932967;-2.8191362;-0.5294272899627686
445507.22553011135;-0.20217831432819366;47.693307;-2.8191419;-0.6291457414627075
445607.22553011135;-0.5257687568664551;47.693307;-2.8191419;-0.49268147349357605
445707.22553011135;-1.4600238800048828;47.6933172;-2.8191472;-0.4424131512641907
445807.22553011135;-2.3787262439727783;47.6933172;-2.8191472;-0.5105738043785095
445907.22553011135;-3.03875994682312;47.6933276;-2.8191524;-0.4806171655654907
